name,composition,uses,side_effects,category,manufacturer,requires_prescription,is_otc,symptom_keywords,recommendation_note,price,stock,image_url,source_url
A Vogel Devils Claw Harpagophytum,-,"A Vogel Devils Claw Harpagophytum digunakan untuk membantu meredakan pegal linu, dan membantu menjaga kesehatan tubuh.",Konsultasikan dengan dokter,Suplemen,,False,True,vitamin; suplemen; imun; daya tahan; energi; stamina,Sumber: KlikDokter,16000,123,,https://www.klikdokter.com/obat/vitamin-dan-suplemen-dewasa/a-vogel-devils-claw-harpagophytum
Abajos,-,"Abajos mengandung Paracetamol, Vitamin B1, Vitamin B6, dan Vitamin B12.",Konsultasikan dengan dokter,Nyeri & Demam,,False,True,nyeri; demam; sakit kepala; pegal; ngilu,Sumber: KlikDokter,12000,179,,https://www.klikdokter.com/obat/obat-antinyeri/abajos
ABC Menthol Cone,-,ABC Menthol Cone dapat digunakan sebagai inhaler maupun obat gosok.,Konsultasikan dengan dokter,Flu & Pilek,,False,True,flu; pilek; hidung tersumbat; bersin; demam,Sumber: KlikDokter,27000,160,,https://www.klikdokter.com/obat/obat-batuk-pilek-dan-flu/abc-menthol-cone
Abdelyn,-,Abdelyn merupakan suplemen yang digunakan untuk membantu memenuhi kebutuhan vitamin pada anak.,Konsultasikan dengan dokter,Suplemen,,False,True,vitamin; suplemen; imun; daya tahan; energi; stamina,Sumber: KlikDokter,110500,118,,https://www.klikdokter.com/obat/vitamin-dan-suplemen-dewasa/abdelyn
Abetens,-,Abetens digunakan untuk membantu menurunkan tekanan darah.,Konsultasikan dengan dokter,Herbal & Tradisional,,False,True,herbal; tradisional; stamina; alami,Sumber: KlikDokter,23000,101,,https://www.klikdokter.com/obat/obat-herbal/abetens
Abu Ali,-,Abu Ali digunakan untuk membantu memelihara daya tahan tubuh.,Konsultasikan dengan dokter,Herbal & Tradisional,,False,True,herbal; tradisional; stamina; alami,Sumber: KlikDokter,31500,108,,https://www.klikdokter.com/obat/obat-herbal/abu-ali
Abufen C,-,"Abufen C adalah obat untuk mengatasi sakit akibat radang sendi dan otot. Cari tahu bagaimana cara penggunaan, dosis, hingga efek sampingnya",Konsultasikan dengan dokter,Nyeri & Demam,,False,True,nyeri; demam; sakit kepala; pegal; ngilu,Sumber: KlikDokter,31500,185,https://s3-publishing-cmn-svc-prd.s3.ap-southeast-1.amazonaws.com/article/zqTjt2D57X7LfjGOQV0oU/original/052048900_1483448302-topic_article_Kenali-Gaya-Hidup-Penyebab-Radang-Sendi.jpg,https://www.klikdokter.com/obat/obat-antinyeri/abufen-c
Acai Plus,-,Acai Plus digunakan untuk membantu mengurangi berat badan dan membantu menekan nafsu makan.,Konsultasikan dengan dokter,Herbal & Tradisional,,False,True,herbal; tradisional; stamina; alami,Sumber: KlikDokter,12000,155,,https://www.klikdokter.com/obat/obat-herbal/acai-plus
Ace Max's,-,Ace Max’s adalah obat tradisional yang digunakan sebagai antioksidan alami sekaligus membantu menjaga kesehatan tubuh.,Konsultasikan dengan dokter,Suplemen,,False,True,vitamin; suplemen; imun; daya tahan; energi; stamina,Sumber: KlikDokter,58000,177,,https://www.klikdokter.com/obat/vitamin-dan-suplemen-dewasa/ace-maxs
Acetin,-,"Acetin mengandung zat aktif Acetylcysteine, obat yang termasuk agen mukolitik.",Konsultasikan dengan dokter,Flu & Pilek,,False,True,flu; pilek; hidung tersumbat; bersin; demam,Sumber: KlikDokter,31000,117,,https://www.klikdokter.com/obat/obat-batuk-pilek-dan-flu/acetin
Acetram,-,Acetram adalah obat yang digunakan untuk mengatasi nyeri ringan/sedang sampai berat dengan kandungan Parasetamol dan Tramadol. Obat ini tersedia dalam bentuk tablet salut selaput.,Konsultasikan dengan dokter,Nyeri & Demam,,False,True,nyeri; demam; sakit kepala; pegal; ngilu,Sumber: KlikDokter,25000,179,https://s3-publishing-cmn-svc-prd.s3.ap-southeast-1.amazonaws.com/drugs/Mka4FC2JwWy40NDaS5htY/original/6l5fj20v5uzxwnq82o80yoop0pydc2zx.jpeg,https://www.klikdokter.com/obat/obat-antinyeri/acetram
Acetro,-,Acetro adalah obat yang digunakan sebagai terapi oral jangka panjang spesifik pada penyakit sendi degeneratif.,Konsultasikan dengan dokter,Nyeri & Demam,,False,True,nyeri; demam; sakit kepala; pegal; ngilu,Sumber: KlikDokter,28000,161,,https://www.klikdokter.com/obat/gangguan-tulang-otot-dan-sendi/acetro
Acetylcysteine,-,Acetylcysteine digunakan untuk mengencerkan dahak dan menangani keracunan paracetamol. Apa sih kandungannya? Yuk kita simak di sini.,Konsultasikan dengan dokter,Flu & Pilek,,False,True,flu; pilek; hidung tersumbat; bersin; demam,Sumber: KlikDokter,25000,181,,https://www.klikdokter.com/obat/obat-batuk-pilek-dan-flu/acetylcysteine
Aciblock,-,Aciblock adalah obat yang diindikasikan untuk mengatasi asam lambung tinggi penyebab maag.,Konsultasikan dengan dokter,Lambung & Maag,,False,True,maag; asam lambung; mual; perut kembung; nyeri lambung,Sumber: KlikDokter,13500,86,,https://www.klikdokter.com/obat/obat-gangguan-pencernaan/aciblock
Acifar,-,"Acifar adalah obat untuk mengatasi infeksi akibat virus, seperti cacar air, herpes simpleks, dan herpes zoster.",Konsultasikan dengan dokter,Antijamur & Kulit,,False,True,kulit; jamur; gatal kulit; infeksi kulit; eksim,Sumber: KlikDokter,74000,132,,https://www.klikdokter.com/obat/obat-kulit/acifar
Acilaz,-,Sering merasakan nyeri lambung atau punya masalah asam lambung? Coba diatasi dengan Acilaz. Apa saja kandungan dan manfaat obat Acilaz?,Konsultasikan dengan dokter,Lambung & Maag,,False,True,maag; asam lambung; mual; perut kembung; nyeri lambung,Sumber: KlikDokter,35500,174,https://s3-publishing-cmn-svc-prd.s3.ap-southeast-1.amazonaws.com/article/jXDyzf1bsG8_w5x_VKUyn/original/056432800_1576490752-Penyebab-Masalah-Asam-Lambung-Sering-Kambuh-di-Malam-Hari-Shutterstock_176963621.jpg,https://www.klikdokter.com/obat/obat-gangguan-pencernaan/acilaz
Acitral,-,"Saat gejala mag menyerang, mengonsumsi antasida seperti obat Acitral salah satu solusinya. Apa komposisi dan manfaat Acitral? Cek di sini.",Konsultasikan dengan dokter,Lambung & Maag,,False,True,maag; asam lambung; mual; perut kembung; nyeri lambung,Sumber: KlikDokter,34500,100,,https://www.klikdokter.com/obat/obat-gangguan-pencernaan/acitral
Acitretin,-,Acitretin digunakan untuk mengobati psoriasis parah. Kondisi apa lagi yang dapat diobati dengan Acitretin? Simak penjelasannya di artikel in,Konsultasikan dengan dokter,Antijamur & Kulit,,False,True,kulit; jamur; gatal kulit; infeksi kulit; eksim,Sumber: KlikDokter,72000,93,https://s3-publishing-cmn-svc-prd.s3.ap-southeast-1.amazonaws.com/article/fUaqKLGZErrtJtSWIATAk/original/097074300_1540808107-8-Makanan-Ini-Picu-Psoriasis-By-MK-photograp55-Shutterstock.jpg,https://www.klikdokter.com/obat/obat-kulit/acitretin
Aclasta,-,Aclasta adalah obat yang digunakan dalam terapi osteoporosis pada pasien dengan risiko patah tulang. Ketahui selanjutnya di sini.,Konsultasikan dengan dokter,Nyeri & Demam,,False,True,nyeri; demam; sakit kepala; pegal; ngilu,Sumber: KlikDokter,33000,82,https://s3-publishing-cmn-svc-prd.s3.ap-southeast-1.amazonaws.com/article/WjG2T93zuW-OiP1gm2_0V/original/059402000_1540171056-Ketahui-4-Penyebab-Osteoporosis-By_Alex-Mit-Shutterstock.jpg,https://www.klikdokter.com/obat/gangguan-tulang-otot-dan-sendi/aclasta
Aclonac,-,"Aclonac adalah obat untuk mengurangi rasa nyeri pada kondisi rheumatoid arthritis, osteoarthritis, dan ankylosing spondylitis.",Konsultasikan dengan dokter,Nyeri & Demam,,False,True,nyeri; demam; sakit kepala; pegal; ngilu,Sumber: KlikDokter,12000,81,,https://www.klikdokter.com/obat/obat-antinyeri/aclonac
Acnacare Plus,-,"Acnacare Plus digunakan untuk membantu mengatasi jerawat ringan sampai sedang, mengurangi bekas luka jerawat, memelihara kesehatan kulit.",Konsultasikan dengan dokter,Suplemen,,False,True,vitamin; suplemen; imun; daya tahan; energi; stamina,Sumber: KlikDokter,115000,185,,https://www.klikdokter.com/obat/vitamin-dan-suplemen-dewasa/acnacare-plus
Acne Feldin,-,Losion Acne Feldin digunakan untuk merawat kulit yang berjerawat. Bagaimana cara pakainya? Adakah efek samping yang perlu diwaspadai?,Konsultasikan dengan dokter,Antijamur & Kulit,,False,True,kulit; jamur; gatal kulit; infeksi kulit; eksim,Sumber: KlikDokter,37000,156,https://s3-publishing-cmn-svc-prd.s3.ap-southeast-1.amazonaws.com/article/ikOIgzWCDQysRszO2_1O-/original/084786200_1596697014-Obat-jerawat-shutterstock_1097602553.jpg,https://www.klikdokter.com/obat/obat-kulit/acne-feldin
Acnebenz,-,Acnebenz digunakan untuk mengobati jerawat.,Konsultasikan dengan dokter,Antijamur & Kulit,,False,True,kulit; jamur; gatal kulit; infeksi kulit; eksim,Sumber: KlikDokter,28500,120,,https://www.klikdokter.com/obat/obat-kulit/acnebenz
Acnebenz CL,-,Acnebenz CL digunakan untuk mengobati jerawat sedang hingga berat.,Konsultasikan dengan dokter,Antijamur & Kulit,,False,True,kulit; jamur; gatal kulit; infeksi kulit; eksim,Sumber: KlikDokter,20000,151,,https://www.klikdokter.com/obat/obat-kulit/acnebenz-cl
Acnelia,-,Acnelia digunakan untuk membantu menjaga kesehatan kulit.,Konsultasikan dengan dokter,Herbal & Tradisional,,False,True,herbal; tradisional; stamina; alami,Sumber: KlikDokter,9000,156,,https://www.klikdokter.com/obat/obat-herbal/acnelia
Acnes Creamy Wash,-,"Tak cuma merusak penampilan, jerawat juga ganggu kenyamanan. Anda bisa pakai Acnes Creamy Wash untuk mengatasinya. Ini info lengkapnya.",Konsultasikan dengan dokter,Obat Kulit & Luka,,False,True,luka; kulit; antiseptik; bekas luka; jerawat,Sumber: KlikDokter,29000,165,,https://www.klikdokter.com/obat/perawatan-kulit-dan-tubuh/acnes-creamy-wash
Acnes Sealing Jell,-,Acnes Sealing Jell adalah kosmetik dengan bentukn sediaan gel yang berguna dalam mengatasi jerawat.,Konsultasikan dengan dokter,Antijamur & Kulit,,False,True,kulit; jamur; gatal kulit; infeksi kulit; eksim,Sumber: KlikDokter,22500,137,https://s3-publishing-cmn-svc-prd.s3.ap-southeast-1.amazonaws.com/drugs/i6tWjMj9nUUB2yERzP22I/original/4u1fg7picca6e6axeloleb0omkhxk3kz.png,https://www.klikdokter.com/obat/obat-kulit/acnes-sealing-jell
Acnes Spot Care,-,Acnes Spot Care digunakan untuk menyamarkan noda hitam bekas jerawat.,Konsultasikan dengan dokter,Obat Kulit & Luka,,False,True,luka; kulit; antiseptik; bekas luka; jerawat,Sumber: KlikDokter,48000,89,,https://www.klikdokter.com/obat/perawatan-kulit-dan-tubuh/acnes-spot-care
Acnes Washing Bar,-,Acnes Washing Bar digunakan untuk mengatasi masalah jerawat di badan (terutama bagian dada dan punggung).,Konsultasikan dengan dokter,Obat Kulit & Luka,,False,True,luka; kulit; antiseptik; bekas luka; jerawat,Sumber: KlikDokter,13000,162,,https://www.klikdokter.com/obat/perawatan-kulit-dan-tubuh/acnes-washing-bar
Acnol Lotion,-,"Acnol Lotion digunakan untuk mengeringkan jerawat dan mengurangi minyak berlebih, serta membantu melawan bakteri akibat jerawat.",Konsultasikan dengan dokter,Obat Kulit & Luka,,False,True,luka; kulit; antiseptik; bekas luka; jerawat,Sumber: KlikDokter,29000,80,,https://www.klikdokter.com/obat/perawatan-kulit-dan-tubuh/acnol-lotion
Acnosil,-,Acnosil digunakan untuk mengatasi jerawat pustula dan menghilangkan komedo.,Konsultasikan dengan dokter,Antijamur & Kulit,,False,True,kulit; jamur; gatal kulit; infeksi kulit; eksim,Sumber: KlikDokter,12000,108,,https://www.klikdokter.com/obat/obat-kulit/acnosil
Acpulsif,-,Acpulsif adalah obat berbentuk tablet yang digunakan untuk mengatasi gangguan gerakan saluran pencernaan.,Konsultasikan dengan dokter,Lambung & Maag,,False,True,maag; asam lambung; mual; perut kembung; nyeri lambung,Sumber: KlikDokter,16000,153,,https://www.klikdokter.com/obat/obat-gangguan-pencernaan/acpulsif
Acran,-,asam lambung berlebih hingga menimbulkan nyeri? kamu bisa mengatasinya dengan Acran. Apa kandungan di dalamnya? Simak selengkapnya dibawah ini !,Konsultasikan dengan dokter,Lambung & Maag,,False,True,maag; asam lambung; mual; perut kembung; nyeri lambung,Sumber: KlikDokter,35500,119,https://s3-publishing-cmn-svc-prd.s3.ap-southeast-1.amazonaws.com/article/VHEKmvr-GJpvAlr6iKELg/original/019004700_1600326449-Asam-Lambung-Naik-shutterstock_756954385.jpg,https://www.klikdokter.com/obat/obat-gangguan-pencernaan/acran
Acrivastine,-,Acrivastine adalah obat yang digunakan untuk mengatasi alergi. Bagaimana cara kerja dan juga aturan pakai obat Acrivastine? Simak di sini.,Konsultasikan dengan dokter,Alergi & Gatal,,False,True,alergi; gatal; biduran; bersin; ruam,Sumber: KlikDokter,32500,168,https://s3-publishing-cmn-svc-prd.s3.ap-southeast-1.amazonaws.com/article/MQxIPxHxdgP0wb6LCCKHD/original/054589600_1483459999-Apa-Beda-Kulit-Berjamur-dan-Kulit-Alergi.jpg,https://www.klikdokter.com/obat/obat-alergi/acrivastine
Act-HIB,-,Act-HIB adalah vaksin yang digunakan untuk mencegah infeksi yang diakibatkan oleh bakteri Haemophilus influenzae tipe B.,Konsultasikan dengan dokter,Herbal & Tradisional,,False,True,herbal; tradisional; stamina; alami,Sumber: KlikDokter,36000,130,,https://www.klikdokter.com/obat/obat-herbal/act-hib
Actabone,-,Actabone adalah obat yang digunakan untuk mengatasi hiperkalsemia pada pasien kanker.,Konsultasikan dengan dokter,Nyeri & Demam,,False,True,nyeri; demam; sakit kepala; pegal; ngilu,Sumber: KlikDokter,19000,182,,https://www.klikdokter.com/obat/gangguan-tulang-otot-dan-sendi/actabone
Actifed,-,Actifed adalah obat berbentuk sirup untuk meringankan gejala flu dan alergi. Bagaimana cara pakai obat ini? Simak informasi lengkapnya berikut.,Konsultasikan dengan dokter,Flu & Pilek,,False,True,flu; pilek; hidung tersumbat; bersin; demam,Sumber: KlikDokter,33000,96,https://s3-publishing-cmn-svc-prd.s3.ap-southeast-1.amazonaws.com/drugs/61xpqiTF_SDB4Sdx6NwMt/original/1676017637-Actifed.jpg,https://www.klikdokter.com/obat/obat-batuk-pilek-dan-flu/actifed
Actifed Plus Cough Suppressant,-,Actifed Plus Cough Suppressant digunakan untuk membantu mengatasi dan meringankan gejala flu dan batuk kering.,Konsultasikan dengan dokter,Flu & Pilek,,False,True,flu; pilek; hidung tersumbat; bersin; demam,Sumber: KlikDokter,10500,96,,https://www.klikdokter.com/obat/obat-batuk-pilek-dan-flu/actifed-plus-cough-suppressant
Actifed Plus Expectorant,-,Actifed Plus Expectorant digunakan untuk membantu mengatasi dan meringankan gejala pilek dan batuk berdahak.,Konsultasikan dengan dokter,Flu & Pilek,,False,True,flu; pilek; hidung tersumbat; bersin; demam,Sumber: KlikDokter,49500,152,,https://www.klikdokter.com/obat/obat-batuk-pilek-dan-flu/actifed-plus-expectorant
Active Calcium,-,"Active Calcium digunakan untuk memenuhi kebutuhan kalsium, menjaga tulang, meningkatkan kemampuan otot, mencegah osteoporosis.",Konsultasikan dengan dokter,Suplemen,,False,True,vitamin; suplemen; imun; daya tahan; energi; stamina,Sumber: KlikDokter,31000,168,,https://www.klikdokter.com/obat/vitamin-dan-suplemen-dewasa/active-calcium
Actonel,-,"Actonel adalah obat yang digunakan untuk mencegah Osteoporosis dan paget tulang, simak selengkapnya di bawah ini!",Konsultasikan dengan dokter,Nyeri & Demam,,False,True,nyeri; demam; sakit kepala; pegal; ngilu,Sumber: KlikDokter,21500,111,https://s3-publishing-cmn-svc-prd.s3.ap-southeast-1.amazonaws.com/article/zDlCLE_6pdCEssN7n3CGl/original/045647200_1586401890-osteoporosis_dipicu_karena_diet.jpg,https://www.klikdokter.com/obat/gangguan-tulang-otot-dan-sendi/actonel
Acucel,-,Acucel digunakan untuk mengatasi masalah jerawat.,Konsultasikan dengan dokter,Antijamur & Kulit,,False,True,kulit; jamur; gatal kulit; infeksi kulit; eksim,Sumber: KlikDokter,16000,86,,https://www.klikdokter.com/obat/obat-kulit/acucel
Acyclovir,-,"Acyclovir adalah obat antivirus untuk mengatasi herpes simplex, penyakit cacar, hingga herpes genital. Obat Acyclovir tersedia dalam bentuk krim dan tablet.",Konsultasikan dengan dokter,Antijamur & Kulit,,False,True,kulit; jamur; gatal kulit; infeksi kulit; eksim,Sumber: KlikDokter,64500,96,https://s3-publishing-cmn-svc-prd.s3.ap-southeast-1.amazonaws.com/drugs/brOQl8UnnIiRn9RuVN0cu/original/OBT0005058.jpg,https://www.klikdokter.com/obat/obat-kulit/acyclovir
Acyfote,-,Acyfote adalah suplemen yang membantu melindungi tubuh dari radikal bebas sehingga kesehatan tubuh dapat terjaga.,Konsultasikan dengan dokter,Suplemen,,False,True,vitamin; suplemen; imun; daya tahan; energi; stamina,Sumber: KlikDokter,116000,180,,https://www.klikdokter.com/obat/vitamin-dan-suplemen-dewasa/acyfote
Adant Dispo,-,Adant Dispo adalah obat untuk menangani nyeri lutut pada pasien osteoartritis jika gagal diatasi dengan terapi non-farmakologis.,Konsultasikan dengan dokter,Nyeri & Demam,,False,True,nyeri; demam; sakit kepala; pegal; ngilu,Sumber: KlikDokter,16000,82,,https://www.klikdokter.com/obat/gangguan-tulang-otot-dan-sendi/adant-dispo
Addawa On,-,Addawa On digunakan untuk membantu memelihara stamina pria.,Konsultasikan dengan dokter,Herbal & Tradisional,,False,True,herbal; tradisional; stamina; alami,Sumber: KlikDokter,31000,116,,https://www.klikdokter.com/obat/obat-herbal/addawa-on
Addawa Pegagan,-,"Addawa Pegagan digunakan untuk membantu meningkatkan daya ingat, menjaga kesehatan tubuh, serta membantu melancarkan sirkulasi darah.",Konsultasikan dengan dokter,Herbal & Tradisional,,False,True,herbal; tradisional; stamina; alami,Sumber: KlikDokter,28500,139,,https://www.klikdokter.com/obat/obat-herbal/addawa-pegagan
Addawa Sambiloto,-,Addawa Sambiloto secara tradisional digunakan untuk membantu menurunkan kadar gula dalam darah.,Konsultasikan dengan dokter,Herbal & Tradisional,,False,True,herbal; tradisional; stamina; alami,Sumber: KlikDokter,36500,159,,https://www.klikdokter.com/obat/obat-herbal/addawa-sambiloto
Addawa Temulawak,-,Addawa Temulawak secara tradisional digunakan untuk membantu menjaga kesehatan fungsi hati.,Konsultasikan dengan dokter,Herbal & Tradisional,,False,True,herbal; tradisional; stamina; alami,Sumber: KlikDokter,40500,181,,https://www.klikdokter.com/obat/obat-herbal/addawa-temulawak
Adem Pil,-,"Adem Pil digunakan sebagai obat herbal untuk membantu meredakan demam, serta membantu mengurangi peradangan dan rasa nyeri.",Konsultasikan dengan dokter,Herbal & Tradisional,,False,True,herbal; tradisional; stamina; alami,Sumber: KlikDokter,14000,95,,https://www.klikdokter.com/obat/obat-herbal/adem-pil
Adineuron,-,Adineuron digunakan untuk meringankan peradangan pada saraf.,Konsultasikan dengan dokter,Suplemen,,False,True,vitamin; suplemen; imun; daya tahan; energi; stamina,Sumber: KlikDokter,53000,93,,https://www.klikdokter.com/obat/vitamin-dan-suplemen-dewasa/adineuron
Aditusin,-,Aditusin digunakan untuk mengobati batuk yang disertai dengan pilek dan alergi.,Konsultasikan dengan dokter,Flu & Pilek,,False,True,flu; pilek; hidung tersumbat; bersin; demam,Sumber: KlikDokter,30500,116,,https://www.klikdokter.com/obat/obat-batuk-pilek-dan-flu/aditusin
Adlansis,-,Adlansis digunakan untuk mencegah dan mengobati tukak (luka) pada lambung dan usus yang disebabkan oleh obat anti-inflamasi non steroid.,Konsultasikan dengan dokter,Lambung & Maag,,False,True,maag; asam lambung; mual; perut kembung; nyeri lambung,Sumber: KlikDokter,42500,167,,https://www.klikdokter.com/obat/obat-gangguan-pencernaan/adlansis
Aerius,-,"Aerius digunakan untuk mengatasi gejala alergi, seperti gatal, ruam, biduran, dan peradangan. Apa saja kandungannya? Ketahui info lengkapnya di sini.",Konsultasikan dengan dokter,Alergi & Gatal,,False,True,alergi; gatal; biduran; bersin; ruam,Sumber: KlikDokter,18000,133,https://s3-publishing-cmn-svc-prd.s3.ap-southeast-1.amazonaws.com/article/tIT4IGsChp83x961HPomL/original/075315500_1597143572-Vitamin-D-Bisakah-Atasi-Kulit-Gatal-shutterstock_1233215578.jpg,https://www.klikdokter.com/obat/obat-alergi/aerius
Aerius D-12,-,Aerius D-12 adalah obat yang digunakan untuk meredakan gejala alergi.,Konsultasikan dengan dokter,Flu & Pilek,,False,True,flu; pilek; hidung tersumbat; bersin; demam,Sumber: KlikDokter,43000,82,,https://www.klikdokter.com/obat/obat-batuk-pilek-dan-flu/aerius-d-12
Afamed,-,Afamed adalah suplemen yang digunakan untuk membantu memelihara daya tahan tubuh.,Konsultasikan dengan dokter,Herbal & Tradisional,,False,True,herbal; tradisional; stamina; alami,Sumber: KlikDokter,13500,147,,https://www.klikdokter.com/obat/obat-herbal/afamed
Afiabumin,-,"Afiabumin digunakan untuk membantu meningkatkan nafsu makan, meningkatkan sistem imun, membantu pertumbuhan dan perkembangan anak.",Konsultasikan dengan dokter,Suplemen,,False,True,vitamin; suplemen; imun; daya tahan; energi; stamina,Sumber: KlikDokter,29000,124,,https://www.klikdokter.com/obat/vitamin-dan-suplemen-dewasa/afiabumin
Afiafit,-,Afiafit adalah obat herbal yang digunakan untuk membantu menjaga kesehatan tubuh.,Konsultasikan dengan dokter,Herbal & Tradisional,,False,True,herbal; tradisional; stamina; alami,Sumber: KlikDokter,37500,158,,https://www.klikdokter.com/obat/obat-herbal/afiafit
Afiafit Slim,-,"Afiafit Slim secara tradisional digunakan untuk membantu mengurangi nafsu makan, menurunkan berat badan.",Konsultasikan dengan dokter,Herbal & Tradisional,,False,True,herbal; tradisional; stamina; alami,Sumber: KlikDokter,36000,181,,https://www.klikdokter.com/obat/obat-herbal/afiafit-slim
Afiagin,-,Afiagin secara tradisional dapat membantu meluruhkan batu urin pada ginjal dan saluran kemih.,Konsultasikan dengan dokter,Herbal & Tradisional,,False,True,herbal; tradisional; stamina; alami,Sumber: KlikDokter,31000,90,,https://www.klikdokter.com/obat/obat-herbal/afiagin
Afiamaagh,-,"Afiamaagh secara tradisional dapat membantu meringankan gangguan pencernaan, seperti perut kembung dan dapat memperbaiki nafsu makan.",Konsultasikan dengan dokter,Herbal & Tradisional,,False,True,herbal; tradisional; stamina; alami,Sumber: KlikDokter,9500,139,,https://www.klikdokter.com/obat/obat-herbal/afiamaagh
Afiamorinda,-,"Afiamorinda secara tradisional digunakan untuk membantu menurunkan tekanan darah tinggi, membantu meredakan nyeri.",Konsultasikan dengan dokter,Herbal & Tradisional,,False,True,herbal; tradisional; stamina; alami,Sumber: KlikDokter,44500,144,,https://www.klikdokter.com/obat/obat-herbal/afiamorinda
Afiapro,-,Afiapro secara tradisional digunakan untuk memelihara kesehatan tubuh.,Konsultasikan dengan dokter,Herbal & Tradisional,,False,True,herbal; tradisional; stamina; alami,Sumber: KlikDokter,25000,98,,https://www.klikdokter.com/obat/obat-herbal/afiapro
Afibramol,-,"Afibramol adalah obat yang digunakan untuk membantu mengatasi nyeri ringan hingga sedang, serta menurunkan demam.",Konsultasikan dengan dokter,Nyeri & Demam,,False,True,nyeri; demam; sakit kepala; pegal; ngilu,Sumber: KlikDokter,37500,136,,https://www.klikdokter.com/obat/obat-antinyeri/afibramol
Afidryl Expectorant,-,Afidryl Expectorant digunakan untuk membantu mengobati batuk berdahak dan batuk yang disebabkan oleh alergi.,Konsultasikan dengan dokter,Flu & Pilek,,False,True,flu; pilek; hidung tersumbat; bersin; demam,Sumber: KlikDokter,24500,91,,https://www.klikdokter.com/obat/obat-batuk-pilek-dan-flu/afidryl-expectorant
Afiflex,-,"Afiflex adalah obat yang diindikasikan untuk meredakan nyeri otot, punggung, persendian, pundak, leher, pegal-pegal, dan keseleo.",Konsultasikan dengan dokter,Nyeri & Demam,,False,True,nyeri; demam; sakit kepala; pegal; ngilu,Sumber: KlikDokter,10000,166,,https://www.klikdokter.com/obat/gangguan-tulang-otot-dan-sendi/afiflex
Aflucaps,-,"Aflucaps adalah obat yang digunakan untuk meredakan batuk, flu, sakit kepala, bersin-bersin, dan hidung tersumbat.",Konsultasikan dengan dokter,Flu & Pilek,,False,True,flu; pilek; hidung tersumbat; bersin; demam,Sumber: KlikDokter,22000,133,,https://www.klikdokter.com/obat/obat-batuk-pilek-dan-flu/aflucaps
Afolat,-,Afolat adalah suplemen asam folat yang sering digunakan oleh ibu hamil. Apa sajakah manfaat Afolat? Cari tahu informasinya di sini.,Konsultasikan dengan dokter,Suplemen,,False,True,vitamin; suplemen; imun; daya tahan; energi; stamina,Sumber: KlikDokter,106500,179,https://s3-publishing-cmn-svc-prd.s3.ap-southeast-1.amazonaws.com/article/0kL33C1AQT00b4Qp4Ushm/original/1669706726-Afolat.jpg,https://www.klikdokter.com/obat/vitamin-dan-suplemen-dewasa/afolat
Afrin,-,"Afrin adalah obat semprot hidung yang diindikasikan untuk mengatasi hidung tersumbat akibat flu, alergi serbuk sari, ataupun sinusitis.",Konsultasikan dengan dokter,Flu & Pilek,,False,True,flu; pilek; hidung tersumbat; bersin; demam,Sumber: KlikDokter,17500,136,,https://www.klikdokter.com/obat/obat-batuk-pilek-dan-flu/afrin
Afrin Drop,-,Afrin Drop adalah obat tetes yang dapat digunakan untuk meringankan hidung tersumbat dan melegakan saluran pernapasan anak.,Konsultasikan dengan dokter,Flu & Pilek,,False,True,flu; pilek; hidung tersumbat; bersin; demam,Sumber: KlikDokter,20000,93,,https://www.klikdokter.com/obat/obat-batuk-pilek-dan-flu/afrin-drop
Afucid,-,Afucid digunakan untuk mengatasi infeksi bakteri pada kulit.,Konsultasikan dengan dokter,Antijamur & Kulit,,False,True,kulit; jamur; gatal kulit; infeksi kulit; eksim,Sumber: KlikDokter,63000,169,,https://www.klikdokter.com/obat/obat-kulit/afucid
Agarillus Drop,-,Agarillus Drop secara tradisional digunakan untuk membantu memelihara kesehatan tubuh.,Konsultasikan dengan dokter,Herbal & Tradisional,,False,True,herbal; tradisional; stamina; alami,Sumber: KlikDokter,39500,102,,https://www.klikdokter.com/obat/obat-herbal/agarillus-drop
Agrippin,-,Agrippin adalah obat yang digunakan untuk meredakan gejala flu yang disertai demam dan alergi.,Konsultasikan dengan dokter,Flu & Pilek,,False,True,flu; pilek; hidung tersumbat; bersin; demam,Sumber: KlikDokter,48000,117,,https://www.klikdokter.com/obat/obat-batuk-pilek-dan-flu/agrippin
AHFC,-,AHFC adalah obat tradisional yang digunakan untuk membantu memelihara fungsi hati.,Konsultasikan dengan dokter,Herbal & Tradisional,,False,True,herbal; tradisional; stamina; alami,Sumber: KlikDokter,21000,155,,https://www.klikdokter.com/obat/obat-herbal/ahfc
Ailin,-,Ailin adalah obat tetes mata untuk mengatasi mata merah karena iritasi ringan.,Konsultasikan dengan dokter,Mata & Telinga,,False,True,mata; telinga; iritasi mata; infeksi mata,Sumber: KlikDokter,52500,118,,https://www.klikdokter.com/obat/obat-mata/ailin
Airborne,-,Airborne digunakan untuk membantu menjaga daya tahan tubuh.,Konsultasikan dengan dokter,Suplemen,,False,True,vitamin; suplemen; imun; daya tahan; energi; stamina,Sumber: KlikDokter,54000,174,,https://www.klikdokter.com/obat/vitamin-dan-suplemen-dewasa/airborne
Aito,-,"Aito adalah obat yang mengandung Tetrahydrozoline HCl yang digunakan untuk membantu mengobati kekeruhan dan iritasi pada mata yang disebabkan karena debu, angin, hingga sengatan matahari.",Konsultasikan dengan dokter,Mata & Telinga,,False,True,mata; telinga; iritasi mata; infeksi mata,Sumber: KlikDokter,22000,170,https://s3-publishing-cmn-svc-prd.s3.ap-southeast-1.amazonaws.com/drugs/VgnJ46ke8WsJgjMRiE45f/original/qmhugss63i3c8ryqot2e4jd6u6b18tuk.png,https://www.klikdokter.com/obat/obat-mata/aito
Akita,-,Jangan abaikan diare hingga berhari-hari. Minum Akita untuk meredakannya. Apa kandungannya? Apa efek samping Akita yang perlu diwaspadai?,Konsultasikan dengan dokter,Lambung & Maag,,False,True,maag; asam lambung; mual; perut kembung; nyeri lambung,Sumber: KlikDokter,57000,108,https://s3-publishing-cmn-svc-prd.s3.ap-southeast-1.amazonaws.com/article/MhS7Zo-9JuJNeH7rsyzqh/original/1662608621-Membedakan%20Diare%20Akut%20dan%20Diare%20Kronis.jpg,https://www.klikdokter.com/obat/obat-gangguan-pencernaan/akita
Aknil,-,Aknil adalah obat yang diindikasikan untuk mengurangi nyeri ringan hingga sedang serta demam.,Konsultasikan dengan dokter,Flu & Pilek,,False,True,flu; pilek; hidung tersumbat; bersin; demam,Sumber: KlikDokter,17500,187,,https://www.klikdokter.com/obat/obat-batuk-pilek-dan-flu/aknil
Akta-Vol,-,Akta-vol digunakan untuk pencegahan dan pengobatan defisiensi vitamin dan mineral pada anak dalam masa pertumbuhan.,Konsultasikan dengan dokter,Suplemen,,False,True,vitamin; suplemen; imun; daya tahan; energi; stamina,Sumber: KlikDokter,105000,121,,https://www.klikdokter.com/obat/vitamin-dan-suplemen-dewasa/akta-vol
Al-Jazira Sari Kurma,-,"Al-Jazira Sari Kurma digunakan untuk menjaga kesehatan kulit, nutrisi untuk kulit, membuat rambut lebih tebal, nutrisi kehamilan.",Konsultasikan dengan dokter,Herbal & Tradisional,,False,True,herbal; tradisional; stamina; alami,Sumber: KlikDokter,41000,103,,https://www.klikdokter.com/obat/obat-herbal/al-jazira-sari-kurma
Alaxan FR,-,"Alaxan FR mengandung ibuprofen dan parasetamol yang digunakan sebagai analgetik, antipiretik, dan antiinflamasi untuk meringankan rasa nyeri dan demam. Dapat digunakan untuk dewasa dan anak.",Konsultasikan dengan dokter,Nyeri & Demam,,False,True,nyeri; demam; sakit kepala; pegal; ngilu,Sumber: KlikDokter,11000,92,https://s3-publishing-cmn-svc-prd.s3.ap-southeast-1.amazonaws.com/article/S6Mtfi0Tcd3SZ5LXU4tK5/original/1675058182-Untitled%20design%20%2822%29.jpg,https://www.klikdokter.com/obat/obat-antinyeri/alaxan-fr
Albavance F,-,Albavance F digunakan untuk menyamarkan bekas jerawat.,Konsultasikan dengan dokter,Antijamur & Kulit,,False,True,kulit; jamur; gatal kulit; infeksi kulit; eksim,Sumber: KlikDokter,42500,114,,https://www.klikdokter.com/obat/obat-kulit/albavance-f
Albetas,-,Albetas secara tradisional digunakan untuk membantu meringankan kencing manis atau diabetes.,Konsultasikan dengan dokter,Herbal & Tradisional,,False,True,herbal; tradisional; stamina; alami,Sumber: KlikDokter,15000,105,,https://www.klikdokter.com/obat/obat-herbal/albetas
Albibet Al Biruni,-,Albibet Al Biruni digunakan untuk membantu meringankan kencing manis.,Konsultasikan dengan dokter,Herbal & Tradisional,,False,True,herbal; tradisional; stamina; alami,Sumber: KlikDokter,33500,135,,https://www.klikdokter.com/obat/obat-herbal/albibet-al-biruni
Albimah,-,Albimah secara tradisional dapat membantu meringankan gangguan lambung.,Konsultasikan dengan dokter,Herbal & Tradisional,,False,True,herbal; tradisional; stamina; alami,Sumber: KlikDokter,30000,112,,https://www.klikdokter.com/obat/obat-herbal/albimah
Albisam,-,Albisam secara tradisional dapat membantu meredakan pegal linu.,Konsultasikan dengan dokter,Herbal & Tradisional,,False,True,herbal; tradisional; stamina; alami,Sumber: KlikDokter,15000,131,,https://www.klikdokter.com/obat/obat-herbal/albisam
Albistrok,-,Albistrok secara tradisional dapat membantu melancarkan sirkulasi darah.,Konsultasikan dengan dokter,Herbal & Tradisional,,False,True,herbal; tradisional; stamina; alami,Sumber: KlikDokter,43500,148,,https://www.klikdokter.com/obat/obat-herbal/albistrok
Albizon,-,Albizon secara tradisional digunakan untuk membantu memelihara daya tahan tubuh.,Konsultasikan dengan dokter,Herbal & Tradisional,,False,True,herbal; tradisional; stamina; alami,Sumber: KlikDokter,22500,121,,https://www.klikdokter.com/obat/obat-herbal/albizon
Alboost,-,Alboost secara tradisional digunakan untuk membantu proses penyembuhan luka.,Konsultasikan dengan dokter,Herbal & Tradisional,,False,True,herbal; tradisional; stamina; alami,Sumber: KlikDokter,42000,164,,https://www.klikdokter.com/obat/obat-herbal/alboost
Albothyl,-,"Albothyl adalah antiseptik dengan kandungan policresulen yang berfungsi untuk menghentikan pendarahan dan sebagai antiseptik pada peradangan, iritasi, atau luka pada leher rahim.",Konsultasikan dengan dokter,Antijamur & Kulit,,False,True,kulit; jamur; gatal kulit; infeksi kulit; eksim,Sumber: KlikDokter,23500,140,https://s3-publishing-cmn-svc-prd.s3.ap-southeast-1.amazonaws.com/drugs/L470pesPC-QfWt8AuEecs/original/drv1jsotk6vbxjgg1rstqibeu5iozk8z.png,https://www.klikdokter.com/obat/obat-kulit/albothyl
Albu G,-,Siapa sangka aneka seafood bisa memelihara kesehatan tubuh. Kamu bisa menemukan manfaat ini pada Albu G. Apa saja kandungan lengkapnya? Simak infonya di sini.,Konsultasikan dengan dokter,Herbal & Tradisional,,False,True,herbal; tradisional; stamina; alami,Sumber: KlikDokter,18000,190,https://s3-publishing-cmn-svc-prd.s3.ap-southeast-1.amazonaws.com/article/RKGL5HhWlhGUoTwNpKniD/original/010483000_1635933366-Perhatikan_Ini_Sebelum_Minum_Obat_Histigo_untuk_Atasi_Meniere.jpg,https://www.klikdokter.com/obat/obat-herbal/albu-g
Albucare,-,Albucare secara tradisional digunakan untuk membantu proses penyembuhan luka.,Konsultasikan dengan dokter,Herbal & Tradisional,,False,True,herbal; tradisional; stamina; alami,Sumber: KlikDokter,26500,151,,https://www.klikdokter.com/obat/obat-herbal/albucare
Albuforce,-,"Albuforce digunakan untuk terapi hipoalbumin (kekurangan albumin), suplemen alami untuk ibu hamil, anak-anak, dewasa, dan orang tua.",Konsultasikan dengan dokter,Suplemen,,False,True,vitamin; suplemen; imun; daya tahan; energi; stamina,Sumber: KlikDokter,83500,171,,https://www.klikdokter.com/obat/vitamin-dan-suplemen-dewasa/albuforce
Albuforce Plus,-,"Albuforce Plus dengan kandungan minyak ikan gabus secara tradisional digunakan untuk membantu memelihara kesehatan tubuh. Ini komposisi, manfaat, dosis, dan efek sampingnya.",Konsultasikan dengan dokter,Herbal & Tradisional,,False,True,herbal; tradisional; stamina; alami,Sumber: KlikDokter,43500,181,https://s3-publishing-cmn-svc-prd.s3.ap-southeast-1.amazonaws.com/drugs/Qq2tWtlYnHqWlDyCjZ2WD/original/rfth3akk0tsyruokkgnz374337gidi7g.png,https://www.klikdokter.com/obat/obat-herbal/albuforce-plus
Albuvit,-,Albuvit adalah obat tetes mata yang digunakan untuk mengatasi infeksi pada mata.,Konsultasikan dengan dokter,Mata & Telinga,,False,True,mata; telinga; iritasi mata; infeksi mata,Sumber: KlikDokter,46000,184,,https://www.klikdokter.com/obat/obat-mata/albuvit
Alcet,-,Alcet digunakan untuk mengobati kondisi alergi.,Konsultasikan dengan dokter,Alergi & Gatal,,False,True,alergi; gatal; biduran; bersin; ruam,Sumber: KlikDokter,53000,190,,https://www.klikdokter.com/obat/obat-alergi/alcet
Alco,-,Alco adalah obat yang digunakan untuk mengurangi gejala hidung tersumbat dan bersin akibat flu.,Konsultasikan dengan dokter,Flu & Pilek,,False,True,flu; pilek; hidung tersumbat; bersin; demam,Sumber: KlikDokter,55000,126,,https://www.klikdokter.com/obat/obat-batuk-pilek-dan-flu/alco
Alco Plus,-,Alco Plus digunakan untuk meredakan gejala bersin dan hidung tersumbat karena flu.,Konsultasikan dengan dokter,Flu & Pilek,,False,True,flu; pilek; hidung tersumbat; bersin; demam,Sumber: KlikDokter,46500,148,,https://www.klikdokter.com/obat/obat-batuk-pilek-dan-flu/alco-plus
Alco Plus DMP,-,Alco Plus DMP digunakan untuk mengatasi gejala flu disertai batuk kering.,Konsultasikan dengan dokter,Flu & Pilek,,False,True,flu; pilek; hidung tersumbat; bersin; demam,Sumber: KlikDokter,44500,101,,https://www.klikdokter.com/obat/obat-batuk-pilek-dan-flu/alco-plus-dmp
Alcon Tears Naturale II,-,Alcon Tears Naturale II adalah obat tetes mata untuk mencegah mata terasa kering dan teriritasai.,Konsultasikan dengan dokter,Mata & Telinga,,False,True,mata; telinga; iritasi mata; infeksi mata,Sumber: KlikDokter,24000,96,,https://www.klikdokter.com/obat/obat-mata/alcon-tears-naturale-ii
Aldisa SR,-,"Aldisa SR adalah obat dengan kandungan loratadine dan pseudoephedrine HCl yang digunakan untuk mengatasi gejala alergi, seperti bersin, hidung tersumbat, hingga gatal dan mata berair.",Konsultasikan dengan dokter,Alergi & Gatal,,False,True,alergi; gatal; biduran; bersin; ruam,Sumber: KlikDokter,19000,158,https://s3-publishing-cmn-svc-prd.s3.ap-southeast-1.amazonaws.com/drugs/iY1Jwg1Okva6OjcobAYzp/original/v4gllu1gl2q1dre2hy5s4q7pwtvk4q1s.png,https://www.klikdokter.com/obat/obat-alergi/aldisa-sr
Alegi,-,Alegi adalah obat yang digunakan untuk menangani gangguan alergi yang responsif terhadap kortikosteroid.,Konsultasikan dengan dokter,Alergi & Gatal,,False,True,alergi; gatal; biduran; bersin; ruam,Sumber: KlikDokter,38000,121,,https://www.klikdokter.com/obat/obat-alergi/alegi
Alegysal,-,Alegysal adalah obat yang digunakan dalam terapi konjungtivitis alergi dan konjungtivitis vernal.,Konsultasikan dengan dokter,Mata & Telinga,,False,True,mata; telinga; iritasi mata; infeksi mata,Sumber: KlikDokter,41000,121,,https://www.klikdokter.com/obat/obat-mata/alegysal
Alendion,-,Alendion digunakan untuk mengobati jerawat.,Konsultasikan dengan dokter,Antijamur & Kulit,,False,True,kulit; jamur; gatal kulit; infeksi kulit; eksim,Sumber: KlikDokter,52000,126,,https://www.klikdokter.com/obat/obat-kulit/alendion
Alerdex,-,Alerdex adalah obat yang digunakan untuk mengatasi gejala batuk dan pilek akibat alergi.,Konsultasikan dengan dokter,Flu & Pilek,,False,True,flu; pilek; hidung tersumbat; bersin; demam,Sumber: KlikDokter,15000,113,,https://www.klikdokter.com/obat/obat-batuk-pilek-dan-flu/alerdex
Alerfed,-,Alerfed adalah obat yang digunakan untuk meringankan gejala flu dan alergi.,Konsultasikan dengan dokter,Flu & Pilek,,False,True,flu; pilek; hidung tersumbat; bersin; demam,Sumber: KlikDokter,8000,176,,https://www.klikdokter.com/obat/obat-batuk-pilek-dan-flu/alerfed
Alergine,-,"Alergine adalah obat tablet untuk mengatasi gejala alergi, seperti gatal, mata berair, dan bersin-bersin.",Konsultasikan dengan dokter,Alergi & Gatal,,False,True,alergi; gatal; biduran; bersin; ruam,Sumber: KlikDokter,30500,154,,https://www.klikdokter.com/obat/obat-alergi/alergine
Alermax,-,"Alermax adalah obat untuk mengatasi gejala alergi, seperti gatal, ruam, biduran, dan peradangan. Ketahui info selengkapnya di sini.",Konsultasikan dengan dokter,Alergi & Gatal,,False,True,alergi; gatal; biduran; bersin; ruam,Sumber: KlikDokter,37500,96,https://s3-publishing-cmn-svc-prd.s3.ap-southeast-1.amazonaws.com/drugs/aZ2ykZ2RKIxZ9-Qhb9cpi/original/1667310000-Alermax.jpg,https://www.klikdokter.com/obat/obat-alergi/alermax
Alernitis,-,"Alernitis digunakan untuk mengobati reaksi alergi seperti bersin-bersin, ruam kulit, hidung meler atau tersumbat, mata berair.",Konsultasikan dengan dokter,Alergi & Gatal,,False,True,alergi; gatal; biduran; bersin; ruam,Sumber: KlikDokter,40000,102,,https://www.klikdokter.com/obat/obat-alergi/alernitis
Alernox,-,"Alernox adalah obat yang digunakan untuk mengobati berbagai kondisi alergi (rhinitis perennial, rhinitis alergi musiman dan kronis, atau urtikaria idiopatik).",Konsultasikan dengan dokter,Alergi & Gatal,,False,True,alergi; gatal; biduran; bersin; ruam,Sumber: KlikDokter,23000,112,,https://www.klikdokter.com/obat/obat-alergi/alernox
Aleros,-,Aleros merupakan obat yang digunakan untuk mengatasi gejala yang timbul selama alergi.,Konsultasikan dengan dokter,Alergi & Gatal,,False,True,alergi; gatal; biduran; bersin; ruam,Sumber: KlikDokter,48500,178,,https://www.klikdokter.com/obat/obat-alergi/aleros
Alfabio,-,"Alfabio berguna untuk meredakan nyeri otot, nyeri sendi, memar, keseleo, pegal linu, meredakan hidung tersumbat dan pijat relaksasi.",Konsultasikan dengan dokter,Nyeri & Demam,,False,True,nyeri; demam; sakit kepala; pegal; ngilu,Sumber: KlikDokter,34000,151,,https://www.klikdokter.com/obat/gangguan-tulang-otot-dan-sendi/alfabio
Alfentanil,-,Alfentanil digunakan untuk mengatasi rasa nyeri. Pada kondisi nyeri seperti apa obat Alfentanil dibutuhkan? Cek selengkapnya di sini.,Konsultasikan dengan dokter,Nyeri & Demam,,False,True,nyeri; demam; sakit kepala; pegal; ngilu,Sumber: KlikDokter,33000,98,https://s3-publishing-cmn-svc-prd.s3.ap-southeast-1.amazonaws.com/article/UWKWWN2QKNVgNiNjHD3n8/original/031074700_1630911825-Bahaya-Suntik-Sabu-Lewat-Anus.jpg,https://www.klikdokter.com/obat/obat-antinyeri/alfentanil
"Algisite M -  Manfaat, Dosis, dan Efek Samping",-,"Algisite M adalah obat balutan luka untuk menyerap cairan luka, mempercepat menghentikan perdarahan ringan, hingga menekan potensi infeksi. Algisite M dibuat dalam bentuk lembaran (sheet dressing) dan",Konsultasikan dengan dokter,Antijamur & Kulit,,False,True,kulit; jamur; gatal kulit; infeksi kulit; eksim,Sumber: KlikDokter,65500,153,,https://www.klikdokter.com/obat/obat-kulit/algisite-m-manfaat-dosis-dan-efek-samping
Alicron,-,Alicron digunakan sebagai terapi penunjang dalam pengobatan diabetes melitus atau kencing manis.,Konsultasikan dengan dokter,Suplemen,,False,True,vitamin; suplemen; imun; daya tahan; energi; stamina,Sumber: KlikDokter,35500,107,,https://www.klikdokter.com/obat/vitamin-dan-suplemen-dewasa/alicron
Alif,-,"Alif berkhasiat mengurangi gejala nyeri, bengkak dan kemerahan akibat peradangan yang dapat disebabkan oleh penyakit gout (asam urat).",Konsultasikan dengan dokter,Nyeri & Demam,,False,True,nyeri; demam; sakit kepala; pegal; ngilu,Sumber: KlikDokter,21500,117,,https://www.klikdokter.com/obat/obat-antinyeri/alif
Alinamin,-,Alinamin adalah suplemen dengan kandungan vitamin B yang bermanfaat bagi kesehatan. Bagaimana cara minum Alinamin? Kita cek di sini.,Konsultasikan dengan dokter,Suplemen,,False,True,vitamin; suplemen; imun; daya tahan; energi; stamina,Sumber: KlikDokter,98500,149,https://s3-publishing-cmn-svc-prd.s3.ap-southeast-1.amazonaws.com/article/EnPmH1jt8aAOnBiEzVyes/original/085167100_1591259803-Minum-Obat-shutterstock_465772172.jpg,https://www.klikdokter.com/obat/vitamin-dan-suplemen-dewasa/alinamin
Allergen,-,"Allergen adalah obat dengan kandungan chlorpheniramine maleate yang bermanfaat untuk mengobati pilek, bersin-bersin, mata berair, gatal pada mata, hidung, tenggorokan, serta kulit yang disebabkan aler",Konsultasikan dengan dokter,Alergi & Gatal,,False,True,alergi; gatal; biduran; bersin; ruam,Sumber: KlikDokter,17500,107,https://s3-publishing-cmn-svc-prd.s3.ap-southeast-1.amazonaws.com/article/pfoQgDmwqQPgLM--PkqRV/original/026561400_1589787048-Mata-Berair-atau-Epifora-shutterstock_773116984.jpg,https://www.klikdokter.com/obat/obat-alergi/allergen
Allerin Expectorant,-,Allerin Expectorant digunakan sebagai obat alergi yang disertai batuk berdahak dan hidung tersumbat.,Konsultasikan dengan dokter,Flu & Pilek,,False,True,flu; pilek; hidung tersumbat; bersin; demam,Sumber: KlikDokter,28000,148,,https://www.klikdokter.com/obat/obat-batuk-pilek-dan-flu/allerin
Alleron,-,"Mengandung chlorpheniramine maleate, Alleron adalah obat yang digunakan sebagai antihistamin. Apa manfaat Alleron untuk kesehatan Anda?",Konsultasikan dengan dokter,Alergi & Gatal,,False,True,alergi; gatal; biduran; bersin; ruam,Sumber: KlikDokter,46500,125,https://s3-publishing-cmn-svc-prd.s3.ap-southeast-1.amazonaws.com/drugs/t97muwt83huTYPZ7iQXFF/original/OBT0005142.jpg,https://www.klikdokter.com/obat/obat-alergi/alleron
Alletrol,-,"Alletrol adalah obat untuk mengatasi peradangan mata akibat infeksi bakteri, uveitis anterior kronis, dan luka pada kornea. Bagaimana aturan dosis Alletrol?",Konsultasikan dengan dokter,Mata & Telinga,,False,True,mata; telinga; iritasi mata; infeksi mata,Sumber: KlikDokter,53500,156,https://s3-publishing-cmn-svc-prd.s3.ap-southeast-1.amazonaws.com/article/JUzNsNrAqeD2JAS9aUDZp/original/1664493026-Obat%20Tetes%20Mata.jpg,https://www.klikdokter.com/obat/obat-mata/alletrol
Allogon,-,Allogon digunakan untuk meredakan nyeri ringan sampai sedang.,Konsultasikan dengan dokter,Nyeri & Demam,,False,True,nyeri; demam; sakit kepala; pegal; ngilu,Sumber: KlikDokter,41000,159,,https://www.klikdokter.com/obat/obat-antinyeri/allogon
Allohex,-,"Allohex adalah obat yang digunakan untuk menangani gejala rhinitis alergi, urtikaria kronis, dan penyakit alergi lainnya.",Konsultasikan dengan dokter,Alergi & Gatal,,False,True,alergi; gatal; biduran; bersin; ruam,Sumber: KlikDokter,25000,189,,https://www.klikdokter.com/obat/obat-alergi/allohex
Allopurinol,-,"Allopurinol merupakan obat yang digunakan untuk menurunkan kadar asam urat, mencegah, dan mengatasi gout arthritis akut. Ketahui informasi selengkapnya di sini!",Konsultasikan dengan dokter,Nyeri & Demam,,False,True,nyeri; demam; sakit kepala; pegal; ngilu,Sumber: KlikDokter,14500,151,https://s3-publishing-cmn-svc-prd.s3.ap-southeast-1.amazonaws.com/drugs/acAz9i1rGTV0CUkLcrRjg/original/OBT0005167.jpg,https://www.klikdokter.com/obat/gangguan-tulang-otot-dan-sendi/allopurinol
Alloris,-,Alloris adalah obat yang diindikasikan untuk mengatasi gejala alergi. Bagaimana aturan pakai obat ini?,Konsultasikan dengan dokter,Alergi & Gatal,,False,True,alergi; gatal; biduran; bersin; ruam,Sumber: KlikDokter,52500,146,https://s3-publishing-cmn-svc-prd.s3.ap-southeast-1.amazonaws.com/article/ePODm7CUj1J-yqVRXC3Ix/original/1678159733-obat%20gatal%20alami%20yang%20ampuh.jpg,https://www.klikdokter.com/obat/obat-alergi/alloris
Alluric,-,"Alluric adalah obat yang mengandung allopurinol untuk menurunkan kadar asam urat. Ini kandungan, manfaat, dosis, harga, dan efek sampingnya.",Konsultasikan dengan dokter,Nyeri & Demam,,False,True,nyeri; demam; sakit kepala; pegal; ngilu,Sumber: KlikDokter,23000,186,https://s3-publishing-cmn-svc-prd.s3.ap-southeast-1.amazonaws.com/drugs/WjDEZfX-51cmym2-KM5VB/original/1660876127-OBT0000012.JPG,https://www.klikdokter.com/obat/gangguan-tulang-otot-dan-sendi/alluric
Almacon,-,Almacon adalah obat yang diindikasikan untuk mengatasi gangguan saluran pencernaan.,Konsultasikan dengan dokter,Lambung & Maag,,False,True,maag; asam lambung; mual; perut kembung; nyeri lambung,Sumber: KlikDokter,11500,114,,https://www.klikdokter.com/obat/obat-gangguan-pencernaan/almacon
Alodan,-,Alodan adalah obat yang digunakan untuk mengatasi kondisi hiperurisemia primer maupun sekunder.,Konsultasikan dengan dokter,Suplemen,,False,True,vitamin; suplemen; imun; daya tahan; energi; stamina,Sumber: KlikDokter,124000,156,,https://www.klikdokter.com/obat/vitamin-dan-suplemen-dewasa/alodan
Alofar,-,Allopurinol mungkin tak asing lagi bagi penderita asam urat. Salah satu merek obatnya adalah Alofar. Apa manfaat dan dosis obat inir?,Konsultasikan dengan dokter,Nyeri & Demam,,False,True,nyeri; demam; sakit kepala; pegal; ngilu,Sumber: KlikDokter,38000,164,,https://www.klikdokter.com/obat/gangguan-tulang-otot-dan-sendi/alofar
Alostop,-,Alostop digunakan untuk menjaga kesehatan kulit.,Konsultasikan dengan dokter,Suplemen,,False,True,vitamin; suplemen; imun; daya tahan; energi; stamina,Sumber: KlikDokter,17000,168,,https://www.klikdokter.com/obat/vitamin-dan-suplemen-dewasa/alostop
Alovell,-,Alovell adalah obat yang diindikasikan untuk mencegah osteoporosis dan meningkatkan massa tulang.,Konsultasikan dengan dokter,Nyeri & Demam,,False,True,nyeri; demam; sakit kepala; pegal; ngilu,Sumber: KlikDokter,17500,190,,https://www.klikdokter.com/obat/gangguan-tulang-otot-dan-sendi/alovell
Aloxid,-,Aloxid adalah obat yang diindikasikan untuk perawatan rambut rontok pada pria.,Konsultasikan dengan dokter,Obat Kulit & Luka,,False,True,luka; kulit; antiseptik; bekas luka; jerawat,Sumber: KlikDokter,39000,102,,https://www.klikdokter.com/obat/perawatan-kulit-dan-tubuh/aloxid
Alpara,-,"Alpara adalah obat untuk meringankan gejala flu dan batuk. Sebelum mengonsumsinya, simak penjelasan lebih lanjut mengenai obat Alpara.",Konsultasikan dengan dokter,Flu & Pilek,,False,True,flu; pilek; hidung tersumbat; bersin; demam,Sumber: KlikDokter,52000,186,https://s3-publishing-cmn-svc-prd.s3.ap-southeast-1.amazonaws.com/article/TUuufbwfxZYWraqWxEqSn/original/023120500_1638439548-Membedakan_Gejala_Flu_dan_Tanda_Awal_Kehamilan.jpg,https://www.klikdokter.com/obat/obat-batuk-pilek-dan-flu/alpara
Alpha Lipid Colostem,-,Alpha Lipid Colostem digunakan untuk menunjang proses penyembuhan dan menunjang kesehatan sel punca (stem cell).,Konsultasikan dengan dokter,Suplemen,,False,True,vitamin; suplemen; imun; daya tahan; energi; stamina,Sumber: KlikDokter,116500,178,,https://www.klikdokter.com/obat/vitamin-dan-suplemen-dewasa/alpha-lipid-colostem
Altadis,-,"Altadis diindikasi untuk mengobati beragam infeksi kulit yang disebabkan oleh jamur seperti penyakit kaki atlet (kutu air), panu, kurap.",Konsultasikan dengan dokter,Antijamur & Kulit,,False,True,kulit; jamur; gatal kulit; infeksi kulit; eksim,Sumber: KlikDokter,25500,169,,https://www.klikdokter.com/obat/obat-kulit/altadis
Altofen,-,Altofen digunakan untuk membantu meringankan rasa nyeri ringan sampai berat.,Konsultasikan dengan dokter,Nyeri & Demam,,False,True,nyeri; demam; sakit kepala; pegal; ngilu,Sumber: KlikDokter,23000,104,,https://www.klikdokter.com/obat/obat-antinyeri/altofen
Altran,-,Altran digunakan untuk meredakan nyeri ringan sampai sedang.,Konsultasikan dengan dokter,Nyeri & Demam,,False,True,nyeri; demam; sakit kepala; pegal; ngilu,Sumber: KlikDokter,7500,129,,https://www.klikdokter.com/obat/obat-antinyeri/altran
Aludonna D,-,"Aludonna D adalah sediaan obat dengan kandungan Alumunium hydroxide, Magnesium hydroxide dan simetikon yang bekerja menurunkan asam lambung",Konsultasikan dengan dokter,Lambung & Maag,,False,True,maag; asam lambung; mual; perut kembung; nyeri lambung,Sumber: KlikDokter,32500,94,,https://www.klikdokter.com/obat/obat-gangguan-pencernaan/aludonna-d
Alugen,-,Alugen digunakan untuk membantu mengobati hiperurisemia.,Konsultasikan dengan dokter,Nyeri & Demam,,False,True,nyeri; demam; sakit kepala; pegal; ngilu,Sumber: KlikDokter,7500,99,,https://www.klikdokter.com/obat/gangguan-tulang-otot-dan-sendi/alugen
Alumy,-,"Alumy digunakan untuk membantu meringankan rasa tidak nyaman di lambung karena asam lambung yang berlebihan, seperti gastritis.",Konsultasikan dengan dokter,Lambung & Maag,,False,True,maag; asam lambung; mual; perut kembung; nyeri lambung,Sumber: KlikDokter,34000,130,,https://www.klikdokter.com/obat/obat-gangguan-pencernaan/alumy
Alvita,-,"Alvita mengandung Metamizole sodium dan vitamin B kompleks yang bermanfaat untuk meringankan rasa sakit kepala, sakit gigi, nyeri haid, nyeri kolik, serta nyeri karena neuritis dan neuralgia.",Konsultasikan dengan dokter,Nyeri & Demam,,False,True,nyeri; demam; sakit kepala; pegal; ngilu,Sumber: KlikDokter,31000,160,https://s3-publishing-cmn-svc-prd.s3.ap-southeast-1.amazonaws.com/article/CwFCmL1989vikEtLjd0yP/original/1663734778-Bisakah%20Miom%20Keluar%20saat%20Haid.jpg,https://www.klikdokter.com/obat/obat-antinyeri/alvita
Amaropo Plus,-,Amaropo Plus digunakan untuk membantu melindungi tubuh dari radikal bebas.,Konsultasikan dengan dokter,Suplemen,,False,True,vitamin; suplemen; imun; daya tahan; energi; stamina,Sumber: KlikDokter,34000,156,,https://www.klikdokter.com/obat/vitamin-dan-suplemen-dewasa/amaropo-plus
Ambroxol,-,Ambroxol sering diresepkan dokter untuk mengatasi gejala batuk berdahak. Bagaimana aturan minumnya? Simak manfaat obat Ambroxol di sini.,Konsultasikan dengan dokter,Flu & Pilek,,False,True,flu; pilek; hidung tersumbat; bersin; demam,Sumber: KlikDokter,23500,126,https://s3-publishing-cmn-svc-prd.s3.ap-southeast-1.amazonaws.com/article/JljU7d8tlym1xOnuUZEAV/original/033289500_1646740746-Batuk-Disertai-Nyeri-Punggung-Bawah-Perlukah-Khawatir.jpg,https://www.klikdokter.com/obat/obat-batuk-pilek-dan-flu/ambroxol
Aminefron,-,Aminefron adalah obat yang memiliki fungsi untuk pengobatan kelainan fungsi ginjal kronik bersamaan dengan diet tinggi kalori rendah protein. Apa saja kandungannya? Yuk Simak infonya di sini.,Konsultasikan dengan dokter,Suplemen,,False,True,vitamin; suplemen; imun; daya tahan; energi; stamina,Sumber: KlikDokter,79500,186,https://s3-publishing-cmn-svc-prd.s3.ap-southeast-1.amazonaws.com/article/tVVZmzOsnEuedE4z1cN85/original/049488800_1643857794-Mengenal_Fungsi_Lengkung_Henle_dalam_Anatomi_Ginjal.jpg,https://www.klikdokter.com/obat/vitamin-dan-suplemen-dewasa/aminefron
Amivask,-,Amivask digunakan untuk mengobati tekanan darah tinggi dan nyeri dada (angina pektoris).,Konsultasikan dengan dokter,Suplemen,,False,True,vitamin; suplemen; imun; daya tahan; energi; stamina,Sumber: KlikDokter,24500,123,,https://www.klikdokter.com/obat/vitamin-dan-suplemen-dewasa/amivask
Ammeltz Yoko Yoko,-,"Ammeltz Yoko Yoko berguna untuk pegal linu, sakit otot, nyeri sendi, keseleo dan nyeri punggung",Konsultasikan dengan dokter,Nyeri & Demam,,False,True,nyeri; demam; sakit kepala; pegal; ngilu,Sumber: KlikDokter,7500,176,,https://www.klikdokter.com/obat/gangguan-tulang-otot-dan-sendi/ammeltz-yoko-yoko
Anabion,-,"Anabion digunakan untuk membantu proses metabolisme pada masa pertumbuhan anak, memenuhi kebutuhan nutrisi.",Konsultasikan dengan dokter,Suplemen,,False,True,vitamin; suplemen; imun; daya tahan; energi; stamina,Sumber: KlikDokter,53000,90,,https://www.klikdokter.com/obat/vitamin-dan-suplemen-dewasa/anabion
Anabion Plus,-,Anabion Plus di gunakan untuk menutrisi otak pada masa pertumbuhan anak.,Konsultasikan dengan dokter,Suplemen,,False,True,vitamin; suplemen; imun; daya tahan; energi; stamina,Sumber: KlikDokter,63000,183,,https://www.klikdokter.com/obat/vitamin-dan-suplemen-dewasa/anabion-plus
Anacetine,-,Anacetine adalah obat untuk mengatasi batuk dan pilek yang mengganggu. Apa saja kandungan Anacetine? Cari tahu informasinya di sini.,Konsultasikan dengan dokter,Flu & Pilek,,False,True,flu; pilek; hidung tersumbat; bersin; demam,Sumber: KlikDokter,15000,132,https://s3-publishing-cmn-svc-prd.s3.ap-southeast-1.amazonaws.com/article/ow1l0PkgyDMXhoFQL4PUn/original/006694100_1646376367-Penyebab_Batuk_Tak_Kunjung_Sembuh_yang_Mesti_Diwaspadai.jpg,https://www.klikdokter.com/obat/obat-batuk-pilek-dan-flu/anacetine
Anacetine Plus,-,Anacetine Plus digunakan untuk mengatasi gejala flu yang disertai alergi dan batuk berdahak.,Konsultasikan dengan dokter,Flu & Pilek,,False,True,flu; pilek; hidung tersumbat; bersin; demam,Sumber: KlikDokter,23000,117,,https://www.klikdokter.com/obat/obat-batuk-pilek-dan-flu/anacetine-plus
Anacof,-,Anacof berfungsi untuk mengurangi rasa sakit dan menurunkan panas.,Konsultasikan dengan dokter,Nyeri & Demam,,False,True,nyeri; demam; sakit kepala; pegal; ngilu,Sumber: KlikDokter,39000,118,,https://www.klikdokter.com/obat/obat-antinyeri/anacof
Anadex,-,"Anadex digunakan untuk meringankan gejala flu, hidung tersumbat, batuk tidak berdahak disertai demam dan sakit kepala.",Konsultasikan dengan dokter,Flu & Pilek,,False,True,flu; pilek; hidung tersumbat; bersin; demam,Sumber: KlikDokter,16000,184,,https://www.klikdokter.com/obat/obat-batuk-pilek-dan-flu/anadex
Anadium,-,"Anadium Kaplet digunakan untuk meringankan gejala wasir, ambeien, nyeri pada dubur.",Konsultasikan dengan dokter,Lambung & Maag,,False,True,maag; asam lambung; mual; perut kembung; nyeri lambung,Sumber: KlikDokter,34500,94,,https://www.klikdokter.com/obat/obat-gangguan-pencernaan/anadium
Anakonidin,-,Anakonidin merupakan obat yang digunakan untuk mengatasi batuk dan pilek pada anak. Apa saja kandungannya? Simak infonya di sini.,Konsultasikan dengan dokter,Flu & Pilek,,False,True,flu; pilek; hidung tersumbat; bersin; demam,Sumber: KlikDokter,12500,131,https://s3-publishing-cmn-svc-prd.s3.ap-southeast-1.amazonaws.com/article/R7R4hHrKWK0N_9iKJ5kP8/original/044520400_1602155169-Bolehkah-Bayi-Konsumsi-Obat-Batuk-Berdahak-shutterstock_202768582.jpg,https://www.klikdokter.com/obat/obat-batuk-pilek-dan-flu/anakonidin
Anakonidin OBH,-,"Anakonidin OBH digunakan untuk mengobati gejala flu, hidung tersumbat , batuk disertai dahak, peradangan pada saluran nafas.",Konsultasikan dengan dokter,Flu & Pilek,,False,True,flu; pilek; hidung tersumbat; bersin; demam,Sumber: KlikDokter,15500,133,,https://www.klikdokter.com/obat/obat-batuk-pilek-dan-flu/anakonidin-obh
Analpim,-,Analpim digunakan untuk mengobati nyeri ringan sampai sedang dan dapat menurunkan demam.,Konsultasikan dengan dokter,Nyeri & Demam,,False,True,nyeri; demam; sakit kepala; pegal; ngilu,Sumber: KlikDokter,37000,100,,https://www.klikdokter.com/obat/obat-antinyeri/analpim
Analspec,-,Analspec digunakan untuk meredakan nyeri ringan hingga sedang.,Konsultasikan dengan dokter,Nyeri & Demam,,False,True,nyeri; demam; sakit kepala; pegal; ngilu,Sumber: KlikDokter,8500,149,,https://www.klikdokter.com/obat/obat-antinyeri/analspec
Analtram,-,"Nyeri akibat sakit kepala, sakit gigi, nyeri haid, dan nyeri lainnya, bisa diatasi dengan Analtram. Apa kandungan yang terdapat di dalamnya?",Konsultasikan dengan dokter,Nyeri & Demam,,False,True,nyeri; demam; sakit kepala; pegal; ngilu,Sumber: KlikDokter,31500,147,,https://www.klikdokter.com/obat/obat-antinyeri/analtram
Anaprin,-,"Anaprin digunakan untuk meredakan peradangan tubuh, nyeri sakit kepala, nyeri sendi, nyeri otot dan juga untuk meredakan demam.",Konsultasikan dengan dokter,Flu & Pilek,,False,True,flu; pilek; hidung tersumbat; bersin; demam,Sumber: KlikDokter,44000,81,,https://www.klikdokter.com/obat/obat-batuk-pilek-dan-flu/anaprin
Anastan Forte,-,Anastan Forte merupakan obat yang memiliki kandungan Asam Mefenamat yang berfungsi sebagai antinyeri pada tingkat ringan hingga sedang.,Konsultasikan dengan dokter,Nyeri & Demam,,False,True,nyeri; demam; sakit kepala; pegal; ngilu,Sumber: KlikDokter,39000,121,,https://www.klikdokter.com/obat/obat-antinyeri/anastan-forte
Anaton,-,Cukup banyak obat batuk dan flu tersedia di pasaran. Anaton adalah salah satunya. Apa saja sih kandungan dan manfaat obat Anaton?,Konsultasikan dengan dokter,Flu & Pilek,,False,True,flu; pilek; hidung tersumbat; bersin; demam,Sumber: KlikDokter,55000,122,https://s3-publishing-cmn-svc-prd.s3.ap-southeast-1.amazonaws.com/drugs/FNJv4YDQCmYcy7O1Ig5Vg/original/OBT0005300.jpg,https://www.klikdokter.com/obat/obat-batuk-pilek-dan-flu/anaton
Ancholes,-,Ancholes secara tradisional dapat membantu mengurangi lemak dalam darah.,Konsultasikan dengan dokter,Suplemen,,False,True,vitamin; suplemen; imun; daya tahan; energi; stamina,Sumber: KlikDokter,95000,116,,https://www.klikdokter.com/obat/vitamin-dan-suplemen-dewasa/ancholes
Andantol Gel,-,"Andantol Gel merupakan obat yang digunakan untuk meredakan gejala alergi seperti gatal, urtikaria (biduran) dan alergi karena gigitan serangga.",Konsultasikan dengan dokter,Antijamur & Kulit,,False,True,kulit; jamur; gatal kulit; infeksi kulit; eksim,Sumber: KlikDokter,58000,152,,https://www.klikdokter.com/obat/obat-kulit/andantol-gel
Andonex,-,"Andonex merupakan obat batuk untuk batuk dahak kental, batuk alergi atau batuk karena rangsangan pada selaput pernapasan.",Konsultasikan dengan dokter,Flu & Pilek,,False,True,flu; pilek; hidung tersumbat; bersin; demam,Sumber: KlikDokter,12000,158,,https://www.klikdokter.com/obat/obat-batuk-pilek-dan-flu/andonex
Anelat,-,Anelat adalah suplemen kesehatan yang mengandung asam folat untuk membantu ibu hamil memenuhi kebutuhan folat harian sekaligus mencegah kelahiran bayi dengan kondisi Neural Tube Defect (NTD).,Konsultasikan dengan dokter,Suplemen,,False,True,vitamin; suplemen; imun; daya tahan; energi; stamina,Sumber: KlikDokter,96500,126,https://s3-publishing-cmn-svc-prd.s3.ap-southeast-1.amazonaws.com/drugs/1x3DR5s7DF-ACoI_riHeu/original/jorvb6l17m43caio789zso99dm4eqdhf.png,https://www.klikdokter.com/obat/vitamin-dan-suplemen-dewasa/anelat
Anemolat,-,Anemolat merupakan suplemen yang mengandung Asam folat.,Konsultasikan dengan dokter,Suplemen,,False,True,vitamin; suplemen; imun; daya tahan; energi; stamina,Sumber: KlikDokter,40000,148,,https://www.klikdokter.com/obat/vitamin-dan-suplemen-dewasa/anemolat
Anflat,-,Anflat digunakan untuk mengurangi gejala-gejala yang berhubungan dengan kelebihan asam lambung.,Konsultasikan dengan dokter,Lambung & Maag,,False,True,maag; asam lambung; mual; perut kembung; nyeri lambung,Sumber: KlikDokter,17000,152,,https://www.klikdokter.com/obat/obat-gangguan-pencernaan/anflat
Anfuhex,-,Anfuhex digunakan untuk mengobati infeksi jamur di kulit tubuh.,Konsultasikan dengan dokter,Antijamur & Kulit,,False,True,kulit; jamur; gatal kulit; infeksi kulit; eksim,Sumber: KlikDokter,21500,127,,https://www.klikdokter.com/obat/obat-kulit/anfuhex
Anhissen,-,Anhisen merupakan obat yang digunakan untuk membantu mengatasi gejala yang terjadi akibat alergi.,Konsultasikan dengan dokter,Alergi & Gatal,,False,True,alergi; gatal; biduran; bersin; ruam,Sumber: KlikDokter,37000,107,,https://www.klikdokter.com/obat/obat-alergi/anhissen
Anitid,-,Anitid digunakan untuk untuk pengobatan gangguan pada lambung (maag).,Konsultasikan dengan dokter,Lambung & Maag,,False,True,maag; asam lambung; mual; perut kembung; nyeri lambung,Sumber: KlikDokter,55000,174,,https://www.klikdokter.com/obat/obat-gangguan-pencernaan/anitid
Anoxi,-,Anoxi Kaplet digunakan sebagai antioksidan untuk memelihara kesehatan tubuh.,Konsultasikan dengan dokter,Suplemen,,False,True,vitamin; suplemen; imun; daya tahan; energi; stamina,Sumber: KlikDokter,82000,152,,https://www.klikdokter.com/obat/vitamin-dan-suplemen-dewasa/anoxi
Antalgin,-,"Antalgin adalah merek dagang Metampiron dan merupakan salah satu obat penghilang rasa sakit (analgetik), dikenal juga dengan sebutan metampiron atau dipiron.",Konsultasikan dengan dokter,Nyeri & Demam,,False,True,nyeri; demam; sakit kepala; pegal; ngilu,Sumber: KlikDokter,39000,151,,https://www.klikdokter.com/obat/obat-antinyeri/antalgin
Antasida Doen,-,"Nyeri lambung karena mag, apalagi disertai kembung dan mual, bisa diatasi dengan Antasida Doen. Apa kandungan dan manfaat obat ini?",Konsultasikan dengan dokter,Lambung & Maag,,False,True,maag; asam lambung; mual; perut kembung; nyeri lambung,Sumber: KlikDokter,34000,111,https://s3-publishing-cmn-svc-prd.s3.ap-southeast-1.amazonaws.com/article/cKWBmh8FTNoCA-tPxgcJN/original/012046100_1641358289-Sakit_Mag_Sampai_Demam.jpg,https://www.klikdokter.com/obat/obat-gangguan-pencernaan/antasida-doen
Anthramed Krim,-,Anthramed digunakan untuk mengatasi masalah psoriasis.,Konsultasikan dengan dokter,Antijamur & Kulit,,False,True,kulit; jamur; gatal kulit; infeksi kulit; eksim,Sumber: KlikDokter,70500,109,,https://www.klikdokter.com/obat/obat-kulit/anthramed-krim
Anti Tetanus Serum,-,"Anti Tetanus Serum digunakan untuk pencegahan tetanus pada luka yang terkontaminasi dengan tanah, debu dan lainnya.",Konsultasikan dengan dokter,Antijamur & Kulit,,False,True,kulit; jamur; gatal kulit; infeksi kulit; eksim,Sumber: KlikDokter,53500,180,,https://www.klikdokter.com/obat/obat-kulit/anti-tetanus-serum
Antidia,-,Antidia merupakan obat yang digunakan untuk mengatasi diare akut.,Konsultasikan dengan dokter,Lambung & Maag,,False,True,maag; asam lambung; mual; perut kembung; nyeri lambung,Sumber: KlikDokter,30500,156,,https://www.klikdokter.com/obat/obat-gangguan-pencernaan/antidia
Antimo,-,Mabuk perjalanan membuat kamu tidak nyaman? Cobalah konsumsi Antimo. Apa saja kandungan obat Antimo? Ini dia penjelasan detailnya.,Konsultasikan dengan dokter,Lambung & Maag,,False,True,maag; asam lambung; mual; perut kembung; nyeri lambung,Sumber: KlikDokter,31000,179,https://s3-publishing-cmn-svc-prd.s3.ap-southeast-1.amazonaws.com/drugs/ywnwIikE6ZmwPgQ7sLoEG/original/OBT0005356.jpg,https://www.klikdokter.com/obat/obat-gangguan-pencernaan/antimo
Antimo Anak,-,"Antimo Anak di gunakan untuk membantu mencegah dan mengatasi mual atau muntah, dan membantu mencegah mabuk perjalanan.",Konsultasikan dengan dokter,Lambung & Maag,,False,True,maag; asam lambung; mual; perut kembung; nyeri lambung,Sumber: KlikDokter,12000,84,,https://www.klikdokter.com/obat/obat-gangguan-pencernaan/antimo-anak
Antimo Herbal,-,"Antimo Herbal digunakan untuk meredakan gejala masuk angin, perut kembung, meriang, sakit kepala dan mual.",Konsultasikan dengan dokter,Lambung & Maag,,False,True,maag; asam lambung; mual; perut kembung; nyeri lambung,Sumber: KlikDokter,25500,166,,https://www.klikdokter.com/obat/obat-gangguan-pencernaan/antimo-herbal
Antoksid,-,Antoksid membantu melindungi tubuh dari kerusakan yang disebabkan oleh radikal bebas.,Konsultasikan dengan dokter,Suplemen,,False,True,vitamin; suplemen; imun; daya tahan; energi; stamina,Sumber: KlikDokter,86000,158,,https://www.klikdokter.com/obat/vitamin-dan-suplemen-dewasa/antoksid
Antox,-,"Antox Kapsul merupakan suplemen makanan yang mengandung antioksidan antara lain likopen, ekstrak teh hijau, ekstrak biji anggur, vitamin C, serta kandungan lainnya.",Konsultasikan dengan dokter,Suplemen,,False,True,vitamin; suplemen; imun; daya tahan; energi; stamina,Sumber: KlikDokter,47500,180,,https://www.klikdokter.com/obat/vitamin-dan-suplemen-dewasa/antox
Antrain,-,"Antrain adalah obat antinyeri dengan kandungan Metamizole Sodium untuk meringankan nyeri hebat. Obat ini tersedia dalam bentuk tablet dan injeksi, serta dapat digunakan untuk anak dan dewasa.",Konsultasikan dengan dokter,Nyeri & Demam,,False,True,nyeri; demam; sakit kepala; pegal; ngilu,Sumber: KlikDokter,16000,109,https://s3-publishing-cmn-svc-prd.s3.ap-southeast-1.amazonaws.com/drugs/QAlGdw3s4GONoqV9C-hsd/original/mgakl84r1e3gisv7osnvhtjp97ia78a5.png,https://www.klikdokter.com/obat/obat-antinyeri/antrain
Anuva,-,"Anuva digunakan untuk membantu mengurangi nyeri, gangguan inflamasi (radang), dismenore, nyeri ringan sampai sedang.",Konsultasikan dengan dokter,Nyeri & Demam,,False,True,nyeri; demam; sakit kepala; pegal; ngilu,Sumber: KlikDokter,28500,97,,https://www.klikdokter.com/obat/obat-antinyeri/anuva
Anvomer B6,-,"Anvomer B6 merupakan obat yang mengandung Pyrathiazine theoclate dan digunakan untuk mencegah muntah-muntah setelah operasi, pada masa kehamilan dan dalam perjalanan.",Konsultasikan dengan dokter,Lambung & Maag,,False,True,maag; asam lambung; mual; perut kembung; nyeri lambung,Sumber: KlikDokter,15500,150,,https://www.klikdokter.com/obat/obat-gangguan-pencernaan/anvomer-b6
Apecur,-,"Apecur merupakan suplemen makanan yang digunakan untuk meningkatkan nafsu makan dan stamina, serta mencegah defisiensi kalsium.",Konsultasikan dengan dokter,Suplemen,,False,True,vitamin; suplemen; imun; daya tahan; energi; stamina,Sumber: KlikDokter,87500,152,,https://www.klikdokter.com/obat/vitamin-dan-suplemen-dewasa/apecur
Apialys,-,"Apialys adalah suplemen untuk membantu memenuhi kebutuhan vitamin anak, sekaligus menjaga daya tahan tubuh dan meningkatkan nafsu makan. Suplemen ini tersedia dalam bentuk sirup dan drop.",Konsultasikan dengan dokter,Suplemen,,False,True,vitamin; suplemen; imun; daya tahan; energi; stamina,Sumber: KlikDokter,25000,186,https://s3-publishing-cmn-svc-prd.s3.ap-southeast-1.amazonaws.com/drugs/nkOPSjm3XgVUwS9gNai2R/original/079azuc3et8sz0g0qtzzve33fj8npdqb.png,https://www.klikdokter.com/obat/vitamin-dan-suplemen-dewasa/apialys
Apolar,-,Apolar digunakan untuk mengatasi peradangan pada kulit yang responsif terhadap kortikosteroid.,Konsultasikan dengan dokter,Antijamur & Kulit,,False,True,kulit; jamur; gatal kulit; infeksi kulit; eksim,Sumber: KlikDokter,53500,80,,https://www.klikdokter.com/obat/obat-kulit/apolar
Apolar N,-,"Apolar N digunakan untuk mengobati infeksi kulit, antara lain: dermatitis (radang kulit), eczema, psoriasis (kulit kemerahan dan bersisik)",Konsultasikan dengan dokter,Antijamur & Kulit,,False,True,kulit; jamur; gatal kulit; infeksi kulit; eksim,Sumber: KlikDokter,19500,89,,https://www.klikdokter.com/obat/obat-kulit/apolar-n
Araclof,-,Araclof digunakan untuk membantu meringankan nyeri sedang sampai berat.,Konsultasikan dengan dokter,Nyeri & Demam,,False,True,nyeri; demam; sakit kepala; pegal; ngilu,Sumber: KlikDokter,34500,80,,https://www.klikdokter.com/obat/obat-antinyeri/araclof
Arava,-,Arava memiliki kegunaan untuk mengobati Arthritis rheumatoid dan psoriasis,Konsultasikan dengan dokter,Nyeri & Demam,,False,True,nyeri; demam; sakit kepala; pegal; ngilu,Sumber: KlikDokter,6000,130,,https://www.klikdokter.com/obat/gangguan-tulang-otot-dan-sendi/arava
Arcapec,-,Arcapec adalah obat dengan kandungan attapulgit dan pektin yang digunakan untuk mengatasi diare yang belum diketahui penyebabnya. Obat ini tersedia dalam bentuk sediaan tablet dan suspensi kering.,Konsultasikan dengan dokter,Lambung & Maag,,False,True,maag; asam lambung; mual; perut kembung; nyeri lambung,Sumber: KlikDokter,58000,98,https://s3-publishing-cmn-svc-prd.s3.ap-southeast-1.amazonaws.com/drugs/W3xDkboDDgDvB57j9WZMe/original/1660754290-Arcapec_Tablet_1.JPG,https://www.klikdokter.com/obat/obat-gangguan-pencernaan/arcapec
Ardium,-,"Obat Ardium dapat digunakan untuk mengatasi masalah pembengkakan pembuluh darah, seperti varises dan ambeien. Cari tahu manfaat lainnya",Konsultasikan dengan dokter,Lambung & Maag,,False,True,maag; asam lambung; mual; perut kembung; nyeri lambung,Sumber: KlikDokter,46000,80,,https://www.klikdokter.com/obat/obat-gangguan-pencernaan/ardium
Argesid,-,"Argesid adalah obat yang diindikasikan untuk meredakan nyeri ringan hingga sedang, serta demam.",Konsultasikan dengan dokter,Nyeri & Demam,,False,True,nyeri; demam; sakit kepala; pegal; ngilu,Sumber: KlikDokter,11500,177,,https://www.klikdokter.com/obat/obat-antinyeri/argesid
Arimed,-,Arimed adalah sediaan obat yang digunakan untuk mengurangi rasa nyeri atau sakit.,Konsultasikan dengan dokter,Nyeri & Demam,,False,True,nyeri; demam; sakit kepala; pegal; ngilu,Sumber: KlikDokter,42000,84,,https://www.klikdokter.com/obat/obat-antinyeri/arimed
Armacort,-,Armacort digunakan untuk mengobati penyakit kulit yang peka terhadap antibiotik dan disertai radang.,Konsultasikan dengan dokter,Antijamur & Kulit,,False,True,kulit; jamur; gatal kulit; infeksi kulit; eksim,Sumber: KlikDokter,17000,177,,https://www.klikdokter.com/obat/obat-kulit/armacort
Arsinal,-,"Arsinal diindikasikan untuk mengobati nyeri, demam, anti radang dan nyeri urat saraf.",Konsultasikan dengan dokter,Nyeri & Demam,,False,True,nyeri; demam; sakit kepala; pegal; ngilu,Sumber: KlikDokter,27000,169,,https://www.klikdokter.com/obat/obat-antinyeri/arsinal
Arteoptic LA,-,Arteoptic LA diindikasikan untuk pengobatan glaukoma kronik sudut terbuka dan hipertensi intraokular (tekanan di dalam bola mata yang tinggi,Konsultasikan dengan dokter,Mata & Telinga,,False,True,mata; telinga; iritasi mata; infeksi mata,Sumber: KlikDokter,58000,155,,https://www.klikdokter.com/obat/obat-mata/arteoptic-la
Artimatic,-,Artimatic digunakan untuk mengurangi rasa sakit akibat kekakuan sendi dan pembengkakan dari penyakit arthritis.,Konsultasikan dengan dokter,Nyeri & Demam,,False,True,nyeri; demam; sakit kepala; pegal; ngilu,Sumber: KlikDokter,29500,92,,https://www.klikdokter.com/obat/obat-antinyeri/artimatic
Artoflam,-,Artoflam Kapsul diindikasikan untuk meredakan gejala-gejala pada terapi jangka panjang osteoartritis.,Konsultasikan dengan dokter,Nyeri & Demam,,False,True,nyeri; demam; sakit kepala; pegal; ngilu,Sumber: KlikDokter,30500,174,,https://www.klikdokter.com/obat/gangguan-tulang-otot-dan-sendi/artoflam
Artro Plus,-,Artro Plus adalah obat yang berfungsi untuk mengatasi nyeri akibat radang tulang dan sendi (osteoarthritis).,Konsultasikan dengan dokter,Nyeri & Demam,,False,True,nyeri; demam; sakit kepala; pegal; ngilu,Sumber: KlikDokter,42000,141,,https://www.klikdokter.com/obat/gangguan-tulang-otot-dan-sendi/artro-plus
Artrodar,-,Artrodar meredakan gejala-gejala pada terapi jangka panjang osteoartritis.,Konsultasikan dengan dokter,Nyeri & Demam,,False,True,nyeri; demam; sakit kepala; pegal; ngilu,Sumber: KlikDokter,8000,154,,https://www.klikdokter.com/obat/gangguan-tulang-otot-dan-sendi/artrodar
Asam Mefenamat,-,"Gejala nyeri akibat sakit gigi, nyeri haid, sakit kepala, bisa diredakan dengan asam mefenamat. Apa itu obat asam mefenamat? Simak di sini.",Konsultasikan dengan dokter,Nyeri & Demam,,False,True,nyeri; demam; sakit kepala; pegal; ngilu,Sumber: KlikDokter,6000,130,https://s3-publishing-cmn-svc-prd.s3.ap-southeast-1.amazonaws.com/drugs/BjOoCBSYRYtfgquPa6Mxw/original/OBT0005410.jpg,https://www.klikdokter.com/obat/obat-antinyeri/asam-mefenamat
Asam Traneksamat,-,Asam Traneksamat digunakan untuk menghentikan perdarahan yang tidak normal misalnya mimisan dan perdarahan sesudah operasi.,Konsultasikan dengan dokter,Nyeri & Demam,,False,True,nyeri; demam; sakit kepala; pegal; ngilu,Sumber: KlikDokter,17000,138,,https://www.klikdokter.com/obat/obat-antinyeri/asam-traneksamat
Asepso,-,Asepso adalah sabun antiseptik yang dapat mencegah infeksi bakteri. Bagaimana aturan pakai sabun Asepso? Cari tahu di artikel ini.,Konsultasikan dengan dokter,Obat Kulit & Luka,,False,True,luka; kulit; antiseptik; bekas luka; jerawat,Sumber: KlikDokter,26500,163,https://s3-publishing-cmn-svc-prd.s3.ap-southeast-1.amazonaws.com/article/dSZPbF4vMaRXS5eMz00ME/original/055580600_1604319172-Awas-Sabun-Mandi-Ini-Bisa-Jadi-Pemicu-Kanker-shutterstock_769972390.jpg,https://www.klikdokter.com/obat/perawatan-kulit-dan-tubuh/asepso
Asepso Clean Soap,-,"Asepso Clean Soap digunakan untuk membantu membersihkan dan menyegarkan kulit, membantu mengurangi infeksi kulit dan biang keringat.",Konsultasikan dengan dokter,Obat Kulit & Luka,,False,True,luka; kulit; antiseptik; bekas luka; jerawat,Sumber: KlikDokter,60000,144,,https://www.klikdokter.com/obat/perawatan-kulit-dan-tubuh/asepso-clean-soap
Asimat,-,"Asimat adalah obat yang digunakan untuk mengurangi nyeri ringan hingga sedang akibat sakit kepala, sakit gigi, nyeri akibat trauma dan meredakan gejala premenstruasi, mengandung asam mefenamat.",Konsultasikan dengan dokter,Nyeri & Demam,,False,True,nyeri; demam; sakit kepala; pegal; ngilu,Sumber: KlikDokter,30000,118,https://s3-publishing-cmn-svc-prd.s3.ap-southeast-1.amazonaws.com/article/Fdy7ZYTc4K-BTTx1IDPyN/original/1666921504-Pusing.jpg,https://www.klikdokter.com/obat/obat-antinyeri/asimat
Askamex,-,Askamex digunakan untuk pemberantasan cacing gelang dan cacing tambang pada anak-anak dan orang dewasa.,Konsultasikan dengan dokter,Lambung & Maag,,False,True,maag; asam lambung; mual; perut kembung; nyeri lambung,Sumber: KlikDokter,41000,149,,https://www.klikdokter.com/obat/obat-gangguan-pencernaan/askamex
Aspirin,-,"Meski bisa dibeli bebas untuk mengobati nyeri, ada beberapa hal yang perlu diperhatikan dalam penggunaan Aspirin. Begini penjelasannya.",Konsultasikan dengan dokter,Nyeri & Demam,,False,True,nyeri; demam; sakit kepala; pegal; ngilu,Sumber: KlikDokter,41500,117,https://s3-publishing-cmn-svc-prd.s3.ap-southeast-1.amazonaws.com/article/v3z52llAlvIFcaeHPmIKu/original/043913000_1638490446-Aspirin-.jpg,https://www.klikdokter.com/obat/obat-antinyeri/aspirin
Atmacid,-,Atmacid digunakan untuk mengobati gangguan pada saluran pencernaan.,Konsultasikan dengan dokter,Lambung & Maag,,False,True,maag; asam lambung; mual; perut kembung; nyeri lambung,Sumber: KlikDokter,48500,131,,https://www.klikdokter.com/obat/obat-gangguan-pencernaan/atmacid
Atracurium Besylate,-,Atracurium Besylate merupakan obat yang digunakan untuk merelaksasi otot.,Konsultasikan dengan dokter,Nyeri & Demam,,False,True,nyeri; demam; sakit kepala; pegal; ngilu,Sumber: KlikDokter,11500,180,,https://www.klikdokter.com/obat/gangguan-tulang-otot-dan-sendi/atracurium-besylate
Atrocox,-,Atrocox digunakan untuk mengurangi rasa nyeri atau sakit.,Konsultasikan dengan dokter,Nyeri & Demam,,False,True,nyeri; demam; sakit kepala; pegal; ngilu,Sumber: KlikDokter,14500,148,,https://www.klikdokter.com/obat/obat-antinyeri/atrocox
AV F AZA,-,AV F AZA digunakan untuk pasien yang mengalami acne vulgaris (jerawat) dan rosacea.,Konsultasikan dengan dokter,Antijamur & Kulit,,False,True,kulit; jamur; gatal kulit; infeksi kulit; eksim,Sumber: KlikDokter,50000,94,,https://www.klikdokter.com/obat/obat-kulit/av-f-aza
Avil,-,"Avil adalah obat untuk meredakan gejala alergi, seperti gatal-gatal, hidung berair, ruam kulit, dan lainnya.",Konsultasikan dengan dokter,Alergi & Gatal,,False,True,alergi; gatal; biduran; bersin; ruam,Sumber: KlikDokter,19500,107,,https://www.klikdokter.com/obat/obat-alergi/avil
Avocel,-,"Avocel adalah obat dengan kandungan levocetirizine yang digunakan untuk membantu meredakan gejala alergi, seperti kulit gatal, bersin, dan gejala lainnya. Avocel dapat digunakan untuk anak dan dewasa.",Konsultasikan dengan dokter,Alergi & Gatal,,False,True,alergi; gatal; biduran; bersin; ruam,Sumber: KlikDokter,43500,156,https://s3-publishing-cmn-svc-prd.s3.ap-southeast-1.amazonaws.com/article/Es8f9K3dNovjrNUVECwEA/original/022861900_1579599592-Hal-Hal-Tak-Terduga-Ini-Bisa-Bikin-Anda-Bersin-shutterstock_1396389299.jpg,https://www.klikdokter.com/obat/obat-alergi/avocel
Aza,-,Aza adalah obat krim yang diindikasikan untuk mengatasi jerawat ringan hingga sedang dan rosacea.,Konsultasikan dengan dokter,Antijamur & Kulit,,False,True,kulit; jamur; gatal kulit; infeksi kulit; eksim,Sumber: KlikDokter,50500,103,,https://www.klikdokter.com/obat/obat-kulit/aza
Azarga,-,Azarga adalah obat tetes mata yang digunakan untuk mengatasi hipertensi okular dan glaukoma sudut terbuka.,Konsultasikan dengan dokter,Mata & Telinga,,False,True,mata; telinga; iritasi mata; infeksi mata,Sumber: KlikDokter,39000,105,,https://www.klikdokter.com/obat/obat-mata/azarga
Azopt,-,Azopt memiliki kegunaan untuk membantu mengobati Glaukoma (peningkatan cairan pada mata) sudut terbuka dan Hipertensi okular.,Konsultasikan dengan dokter,Mata & Telinga,,False,True,mata; telinga; iritasi mata; infeksi mata,Sumber: KlikDokter,55500,147,,https://www.klikdokter.com/obat/obat-mata/azopt
Azovir,-,Azovir mengandung acyclovir untuk mengobati infeksi yang disebabkan oleh virus Herpes simpleks dan Herpes zoster (cacar api dan cacar air).,Konsultasikan dengan dokter,Antijamur & Kulit,,False,True,kulit; jamur; gatal kulit; infeksi kulit; eksim,Sumber: KlikDokter,14000,96,https://s3-publishing-cmn-svc-prd.s3.ap-southeast-1.amazonaws.com/article/qU4GME2dGVfuMfWHoLQ3P/original/063148500_1569415468-Beda-Antara-Herpes-Zoster-dan-Herpes-Simpleks-By-SneSivan-Shutterstock.jpg,https://www.klikdokter.com/obat/obat-kulit/azovir
