Medicine Name,Composition,Uses,Side_effects,Image URL,Manufacturer,Excellent Review %,Average Review %,Poor Review %
Avil 25 Tablet,Pheniramine (25mg),Treatment of Allergic conditionsTreatment of Respiratory disease with excessive mucusTreatment of Skin conditions with inflammation & itchingTreatment and prevention of Meniere's disease,Sedation,"https://onemg.gumlet.io/l_watermark_346,w_480,h_480/a_ignore,w_480,h_480,c_fit,q_auto,f_auto/cropped/mmsye6bf97tkcocat24j.jpg",Sanofi India Ltd,40,34,26
Avil Injection,Pheniramine (22.75mg),Treatment of Allergic conditionsTreatment of Respiratory disease with excessive mucusTreatment of Skin conditions with inflammation & itchingTreatment and prevention of Meniere's disease,Sedation,"https://onemg.gumlet.io/l_watermark_346,w_480,h_480/a_ignore,w_480,h_480,c_fit,q_auto,f_auto/cropped/n2al1qoxuxtzshwgwbt0.jpg",Sanofi India Ltd,42,43,15
Avil Injection,Pheniramine (22.75mg),Treatment of Allergic conditionsTreatment of Respiratory disease with excessive mucusTreatment of Skin conditions with inflammation & itchingTreatment and prevention of Meniere's disease,Sedation,"https://onemg.gumlet.io/l_watermark_346,w_480,h_480/a_ignore,w_480,h_480,c_fit,q_auto,f_auto/e17dda31de1747358229a8ff89c60eb2.jpg",Sanofi India Ltd,45,35,20
Avil 50mg Tablet,Pheniramine (50mg),Treatment of Allergic conditionsTreatment of Respiratory disease with excessive mucusTreatment of Skin conditions with inflammation & itchingTreatment and prevention of Meniere's disease,Sedation,"https://onemg.gumlet.io/l_watermark_346,w_480,h_480/a_ignore,w_480,h_480,c_fit,q_auto,f_auto/cropped/hb3cqsruyt3hmr0qtdir.jpg",Sanofi India Ltd,36,28,36
Allercet-M Tablet,Levocetirizine (5mg) + Montelukast (10mg),Treatment of Sneezing and runny nose due to allergiesTreatment of Hay feverTreatment of Allergic skin conditions,Nausea Diarrhea Dryness in mouth Fatigue Headache Skin rash Sleepiness Vomiting,"https://onemg.gumlet.io/l_watermark_346,w_480,h_480/a_ignore,w_480,h_480,c_fit,q_auto,f_auto/cropped/eiz4irqdi1r6a85bqvv0.jpg",Micro Labs Ltd,44,35,21
Amlogard 5mg Tablet,Amlodipine (5mg),Treatment of Hypertension (high blood pressure)Prevention of Angina (heart-related chest pain),Headache Fatigue Nausea Abdominal pain Sleepiness,"https://onemg.gumlet.io/l_watermark_346,w_480,h_480/a_ignore,w_480,h_480,c_fit,q_auto,f_auto/cropped/y4tfhzdttoh6jdw3tvoe.jpg",Pfizer Ltd,57,35,8
Amlodac 2.5 Tablet,Amlodipine (2.5mg),Treatment of Hypertension (high blood pressure)Prevention of Angina (heart-related chest pain),Headache Fatigue Nausea Abdominal pain Sleepiness,"https://onemg.gumlet.io/l_watermark_346,w_480,h_480/a_ignore,w_480,h_480,c_fit,q_auto,f_auto/cropped/lhrgzgz1utqoeewnfepq.jpg",Zydus Cadila,54,25,21
Amlokind 2.5 Tablet,Amlodipine (2.5mg),Treatment of Hypertension (high blood pressure)Prevention of Angina (heart-related chest pain),Headache Fatigue Nausea Abdominal pain Sleepiness,"https://onemg.gumlet.io/l_watermark_346,w_480,h_480/a_ignore,w_480,h_480,c_fit,q_auto,f_auto/c1krcwuokin2t69daoaq.jpg",Mankind Pharma Ltd,44,28,28
Amcard 5 Tablet,Amlodipine (5mg),Treatment of Hypertension (high blood pressure)Prevention of Angina (heart-related chest pain),Headache Fatigue Nausea Abdominal pain Sleepiness,"https://onemg.gumlet.io/l_watermark_346,w_480,h_480/a_ignore,w_480,h_480,c_fit,q_auto,f_auto/qpa9fmki2fkc9ctawlzs.jpg",Systopic Laboratories Pvt Ltd,33,25,42
Alerfix-M Tablet,Levocetirizine (5mg) + Montelukast (10mg),Treatment of Sneezing and runny nose due to allergiesTreatment of Hay feverTreatment of Allergic skin conditions,Nausea Diarrhea Dryness in mouth Fatigue Headache Skin rash Sleepiness Vomiting,"https://onemg.gumlet.io/l_watermark_346,w_480,h_480/a_ignore,w_480,h_480,c_fit,q_auto,f_auto/hudn6y7bgh41nuuyfwue.jpg",Eris Lifesciences Ltd,41,46,13
Amlokind 10mg Tablet,Amlodipine (10mg),Treatment of Hypertension (high blood pressure)Prevention of Angina (heart-related chest pain),Headache Fatigue Nausea Abdominal pain Sleepiness,"https://onemg.gumlet.io/l_watermark_346,w_480,h_480/a_ignore,w_480,h_480,c_fit,q_auto,f_auto/mv2vlryi1925fy0hgxsf.jpg",Mankind Pharma Ltd,56,27,17
Allerkast LC Tablet,Levocetirizine (5mg) + Montelukast (10mg),Treatment of Sneezing and runny nose due to allergiesTreatment of Hay feverTreatment of Allergic skin conditions,Nausea Diarrhea Dryness in mouth Fatigue Headache Skin rash Sleepiness Vomiting,"https://onemg.gumlet.io/l_watermark_346,w_480,h_480/a_ignore,w_480,h_480,c_fit,q_auto,f_auto/84d2db3058ca43bdb501aac4972df801.jpg",Lupin Ltd,67,16,17
Alday Duo 5mg/10mg Tablet,Levocetirizine (5mg) + Montelukast (10mg),Treatment of Sneezing and runny nose due to allergiesTreatment of Hay feverTreatment of Allergic skin conditions,Nausea Diarrhea Dryness in mouth Fatigue Headache Skin rash Sleepiness Vomiting,"https://onemg.gumlet.io/l_watermark_346,w_480,h_480/a_ignore,w_480,h_480,c_fit,q_auto,f_auto/0164736a96654b19be5e7ecd5ac718f0.jpg",S H Pharmaceuticals Ltd,78,22,0
Amcard 2.5 Tablet,Amlodipine (2.5mg),Treatment of Hypertension (high blood pressure)Prevention of Angina (heart-related chest pain),Headache Fatigue Nausea Abdominal pain Sleepiness,"https://onemg.gumlet.io/l_watermark_346,w_480,h_480/a_ignore,w_480,h_480,c_fit,q_auto,f_auto/cropped/f1drjj514l7qwag0xlej.jpg",Systopic Laboratories Pvt Ltd,83,17,0
Alnacet M 5mg/10mg Tablet,Levocetirizine (5mg) + Montelukast (10mg),Treatment of Sneezing and runny nose due to allergiesTreatment of Hay feverTreatment of Allergic skin conditions,Nausea Diarrhea Dryness in mouth Fatigue Headache Skin rash Sleepiness Vomiting,"https://onemg.gumlet.io/l_watermark_346,w_480,h_480/a_ignore,w_480,h_480,c_fit,q_auto,f_auto/d9b763a8fc304e30b199649abe2e4ee5.jpg",Alna Biotech Pvt Ltd,58,25,17
Atecard 50 Tablet,Atenolol (50mg),Treatment of Hypertension (high blood pressure)Treatment of Angina (heart-related chest pain)Treatment of ArrhythmiaPrevention of Heart attack,Fatigue Slow heart rate Cold extremities Gastrointestinal disturbance,"https://onemg.gumlet.io/l_watermark_346,w_480,h_480/a_ignore,w_480,h_480,c_fit,q_auto,f_auto/po2tdwe25oqilkb6ytmk.jpg",Alembic Pharmaceuticals Ltd,67,33,0
Angizem DP 90 Capsule MR,Diltiazem (90mg),Treatment of Hypertension (high blood pressure)Treatment of Angina (heart-related chest pain)Treatment of Arrhythmia,Headache Dizziness Nausea Edema swelling,"https://onemg.gumlet.io/l_watermark_346,w_480,h_480/a_ignore,w_480,h_480,c_fit,q_auto,f_auto/jumz2e83bq9ltgjsbqcv.jpg",Sun Pharmaceutical Industries Ltd,100,0,0
Atpark 25 Tablet,Atenolol (25mg),Treatment of Hypertension (high blood pressure)Treatment of Angina (heart-related chest pain)Treatment of ArrhythmiaPrevention of Heart attack,Fatigue Slow heart rate Cold extremities Gastrointestinal disturbance,"https://onemg.gumlet.io/l_watermark_346,w_480,h_480/a_ignore,w_480,h_480,c_fit,q_auto,f_auto/wr1x10fx0hrzezypmpaq.jpg",Pfizer Ltd,100,0,0
Alz Plus  Tablet,Levocetirizine (5mg) + Montelukast (10mg),Treatment of Sneezing and runny nose due to allergiesTreatment of Hay feverTreatment of Allergic skin conditions,Nausea Diarrhea Dryness in mouth Fatigue Headache Skin rash Sleepiness Vomiting,"https://onemg.gumlet.io/l_watermark_346,w_480,h_480/a_ignore,w_480,h_480,c_fit,q_auto,f_auto/d4uzhpxrgl5fqxeteblk.jpg",Athens Labs Ltd,100,0,0
Atenex 25mg Tablet,Atenolol (25mg),Treatment of Hypertension (high blood pressure)Treatment of Angina (heart-related chest pain)Treatment of ArrhythmiaPrevention of Heart attack,Fatigue Slow heart rate Cold extremities Gastrointestinal disturbance,"https://onemg.gumlet.io/l_watermark_346,w_480,h_480/a_ignore,w_480,h_480,c_fit,q_auto,f_auto/f31qdw5daglkmhlo0vnf.jpg",Zydus Cadila,67,33,0
Admont-LC Tablet,Levocetirizine (5mg) + Montelukast (10mg),Treatment of Sneezing and runny nose due to allergiesTreatment of Hay feverTreatment of Allergic skin conditions,Nausea Diarrhea Dryness in mouth Fatigue Headache Skin rash Sleepiness Vomiting,"https://onemg.gumlet.io/l_watermark_346,w_480,h_480/a_ignore,w_480,h_480,c_fit,q_auto,f_auto/lsrdvwl3nyjuahbf0zer.jpg",Adley Formulations,67,33,0
Altapan-DSR Capsule,Domperidone (30mg) + Pantoprazole (40mg),Treatment of Gastroesophageal reflux disease (Acid reflux)Treatment of Peptic ulcer disease,Diarrhea Stomach pain Flatulence Dryness in mouth Dizziness Headache,"https://onemg.gumlet.io/l_watermark_346,w_480,h_480/a_ignore,w_480,h_480,c_fit,q_auto,f_auto/7e823c9c6438489fbb07452a8ef3f9af.jpg",Altavista Life Sciences Pvt Ltd,67,33,0
Ancer LM Syrup,Levocetirizine (2.5mg/5ml) + Montelukast (4mg/5ml),Treatment of Sneezing and runny nose due to allergiesTreatment of Hay feverTreatment of Allergic skin conditions,Rash Nausea Diarrhea Dryness in mouth Fatigue Headache Skin rash Sleepiness Vomiting,"https://onemg.gumlet.io/l_watermark_346,w_480,h_480/a_ignore,w_480,h_480,c_fit,q_auto,f_auto/8fd45d9ed4c949949aab847bfb9e14ab.jpg",Bio Vitamins,83,17,0
Betaloc 50mg Tablet,Metoprolol Tartrate (50mg),Treatment of Hypertension (high blood pressure)Treatment of Angina (heart-related chest pain)Treatment of ArrhythmiaPrevention of Heart attackPrevention of Migraine,Orthostatic hypotension sudden lowering of blood pressure on standing Slow heart rate Headache Dizziness Tiredness Stomach pain Nausea Breathlessness,"https://onemg.gumlet.io/l_watermark_346,w_480,h_480/a_ignore,w_480,h_480,c_fit,q_auto,f_auto/5440da099f0b4c2dabd1d56d5d1fa3ba.jpg",AstraZeneca,43,42,15
Bisotab 2.5 Tablet,Bisoprolol (2.5mg),Treatment of Hypertension (high blood pressure)Treatment of Angina (heart-related chest pain)Treatment of ArrhythmiaPrevention of Heart attackPrevention of Migraine,Nausea Headache Slow heart rate Fatigue Constipation Diarrhea Dizziness Cold extremities,"https://onemg.gumlet.io/l_watermark_346,w_480,h_480/a_ignore,w_480,h_480,c_fit,q_auto,f_auto/d51f1a7968ff4a7c9cedd0b59178975d.jpg",J B Chemicals and Pharmaceuticals Ltd,42,25,33
Betagel,Betamethasone (0.05% w/w),Treatment of Allergic skin conditionsTreatment of Allergic conditions,Reduction in bone density Upset stomach,"https://onemg.gumlet.io/l_watermark_346,w_480,h_480/a_ignore,w_480,h_480,c_fit,q_auto,f_auto/cropped/u36tz0vl15fo6wbljvld.jpg",Micro Labs Ltd,52,15,33
Breaze-L Tablet,Levocetirizine (5mg) + Montelukast (10mg),Treatment of Sneezing and runny nose due to allergiesTreatment of Hay feverTreatment of Allergic skin conditions,Nausea Diarrhea Dryness in mouth Fatigue Headache Skin rash Sleepiness Vomiting,"https://onemg.gumlet.io/l_watermark_346,w_480,h_480/a_ignore,w_480,h_480,c_fit,q_auto,f_auto/aybxhdge7agqzyw4x3mi.jpg",Albert David Ltd,46,39,15
Dom-DT 5 Rapitab,Domperidone (5mg),Treatment of Gastroesophageal reflux disease (Acid reflux)Treatment of IndigestionTreatment of NauseaTreatment of Vomiting,Dryness in mouth Headache Drowsiness Stomach cramp Diarrhea,"https://onemg.gumlet.io/l_watermark_346,w_480,h_480/a_ignore,w_480,h_480,c_fit,q_auto,f_auto/cropped/vnj7zt6gerwy7ue8vip8.jpg",Morepen Laboratories Ltd,0,0,100
Espin 2.5 Tablet,S-Amlodipine (2.5mg),Treatment of Hypertension (high blood pressure)Prevention of Angina (heart-related chest pain)Prevention of Heart attackPrevention of Stroke,Ankle swelling Dizziness Fatigue Flushing sense of warmth in the face ears neck and trunk Headache Palpitations Abdominal pain Muscle cramp Nausea Sleepiness Visual disturbance Dyspepsia Breathlessness Change in bowel habits,"https://onemg.gumlet.io/l_watermark_346,w_480,h_480/a_ignore,w_480,h_480,c_fit,q_auto,f_auto/cropped/cxmjgf9hn55hem7rn21b.jpg",Intas Pharmaceuticals Ltd,43,33,24
Esomefol Tablet,Esomeprazole (40mg),Treatment of Gastroesophageal reflux disease (Acid reflux)Treatment of Peptic ulcer diseaseTreatment of Zollinger-Ellison syndrome,Headache Dryness in mouth Nausea Abdominal pain Constipation Flatulence Diarrhea,"https://onemg.gumlet.io/l_watermark_346,w_480,h_480/a_ignore,w_480,h_480,c_fit,q_auto,f_auto/e862a90873b94db48c0b3c0237432f5f.jpg",Leeford Healthcare Ltd,83,17,0
Enliva 20mg/75mg Capsule SR,Levosulpiride (75mg) + Rabeprazole (20mg),Treatment of Gastroesophageal reflux disease (Acid reflux)Treatment of Intestinal ulcersTreatment of Irritable bowel syndrome,Nausea Stomach pain Diarrhea Flatulence Constipation Headache Dizziness Weakness Sleepiness Flu like symptoms,"https://onemg.gumlet.io/l_watermark_346,w_480,h_480/a_ignore,w_480,h_480,c_fit,q_auto,f_auto/cropped/n0gip7zcbrldwkecyqyd.jpg",Abbott,56,30,14
Emimont 5mg/10mg Tablet,Levocetirizine (5mg) + Montelukast (10mg),Treatment of Sneezing and runny nose due to allergiesTreatment of Hay feverTreatment of Allergic skin conditions,Nausea Diarrhea Dryness in mouth Fatigue Headache Skin rash Sleepiness Vomiting,"https://onemg.gumlet.io/l_watermark_346,w_480,h_480/a_ignore,w_480,h_480,c_fit,q_auto,f_auto/e5fc329092f34fad93e81258a3c1fad5.jpg",Dr Cure Pharmaceuticals India Pvt Ltd,100,0,0
Genericart Metformin Hydrochloride 1000mg Tablet SR,Metformin (1000mg),Treatment of Type 2 diabetes mellitus,Diarrhea Nausea Vomiting Flatulence,"https://onemg.gumlet.io/l_watermark_346,w_480,h_480/a_ignore,w_480,h_480,c_fit,q_auto,f_auto/cropped/xnwisaure1lz31murgmd.jpg",Swast Aushadhi Seva Generic Medicine Store,100,0,0
Genericart Amlodipine+Lisinopril 5mg/5mg Tablet,Amlodipine (5mg) + Lisinopril (5mg), Hypertension (high blood pressure),Ankle swelling Headache Tiredness Palpitations Increased potassium level in blood Sleepiness Cough Taste change Flushing sense of warmth in the face ears neck and trunk Decreased blood pressure Upset stomach,"https://onemg.gumlet.io/l_watermark_346,w_480,h_480/a_ignore,w_480,h_480,c_fit,q_auto,f_auto/cropped/lsfhpzwaymjvisrciwrx.jpg",Swast Aushadhi Seva Generic Medicine Store,100,0,0
Hisone 5 Tablet,Hydrocortisone (5mg), Severe allergic reactionsTreatment of Allergic conditionsTreatment of CancerTreatment of Skin disordersTreatment of Eye disorders,Dizziness Headache Ankle swelling Weakness,"https://onemg.gumlet.io/l_watermark_346,w_480,h_480/a_ignore,w_480,h_480,c_fit,q_auto,f_auto/c1297ec64d154d16a54de0086eb184e7.jpg",Samarth Life Sciences Pvt Ltd,60,28,12
HHlevo-M Tablet,Levocetirizine (5mg) + Montelukast (10mg),Treatment of Sneezing and runny nose due to allergiesTreatment of Hay feverTreatment of Allergic skin conditions,Nausea Diarrhea Dryness in mouth Fatigue Headache Skin rash Sleepiness Vomiting,"https://onemg.gumlet.io/l_watermark_346,w_480,h_480/a_ignore,w_480,h_480,c_fit,q_auto,f_auto/a52f0ea9469c48769bbf434de47ef556.jpg",Hegde and Hegde Pharmaceutical LLP,39,33,28
HHlevo-M Kid Suspension,Levocetirizine (2.5mg/5ml) + Montelukast (4mg/5ml),Treatment of Sneezing and runny nose due to allergiesTreatment of Hay feverTreatment of Allergic skin conditions,Rash Nausea Diarrhea Dryness in mouth Fatigue Headache Skin rash Sleepiness Vomiting,"https://onemg.gumlet.io/l_watermark_346,w_480,h_480/a_ignore,w_480,h_480,c_fit,q_auto,f_auto/40bd06b2d69a479b92ad4745388c7334.jpg",Hegde and Hegde Pharmaceutical LLP,0,33,67
Hipress 50 Tablet,Atenolol (50mg),Treatment of Hypertension (high blood pressure)Treatment of Angina (heart-related chest pain)Treatment of ArrhythmiaPrevention of Heart attack,Fatigue Slow heart rate Cold extremities Gastrointestinal disturbance,"https://onemg.gumlet.io/l_watermark_346,w_480,h_480/a_ignore,w_480,h_480,c_fit,q_auto,f_auto/c6ebe95013674c2fa3d9cda1e0ddb0cd.jpg",Cipla Ltd,50,50,0
Hipres 25 Tablet,Atenolol (25mg),Treatment of Hypertension (high blood pressure)Treatment of Angina (heart-related chest pain)Treatment of ArrhythmiaPrevention of Heart attack,Fatigue Slow heart rate Cold extremities Gastrointestinal disturbance,"https://onemg.gumlet.io/l_watermark_346,w_480,h_480/a_ignore,w_480,h_480,c_fit,q_auto,f_auto/swbzy1qjlwddcudisuom.jpg",Cipla Ltd,50,50,0
HHlevo-M Kid Tablet DT,Levocetirizine (2.5mg) + Montelukast (4mg),Treatment of Sneezing and runny nose due to allergiesTreatment of Hay feverTreatment of Allergic skin conditions,Rash Nausea Diarrhea Dryness in mouth Fatigue Headache Skin rash Sleepiness Vomiting,"https://onemg.gumlet.io/l_watermark_346,w_480,h_480/a_ignore,w_480,h_480,c_fit,q_auto,f_auto/cropped/zgkktwbznvdjq4krpoes.jpg",Hegde and Hegde Pharmaceutical LLP,0,33,67
Hibesor 50mg Tablet,Atenolol (50mg),Treatment of Hypertension (high blood pressure)Treatment of Angina (heart-related chest pain)Treatment of ArrhythmiaPrevention of Heart attack,Fatigue Slow heart rate Cold extremities Gastrointestinal disturbance,"https://onemg.gumlet.io/l_watermark_346,w_480,h_480/a_ignore,w_480,h_480,c_fit,q_auto,f_auto/vmdym0nwj4df7dgsw7jn.jpg",Blue Cross Laboratories Ltd,67,33,0
Inderal LA 20 Tablet SR,Propranolol (20mg),Treatment of PheochromocytomaTreatment of Hypertension (high blood pressure) Prevention of migraineTreatment of AnxietyTreatment of ArrhythmiaPrevention of Heart attackPrevention of Angina (heart-related chest pain)Treatment of Tremors,Tiredness Weakness Raynaud s phenomenon Arrhythmia irregular heartbeats Nausea Vomiting Diarrhea,"https://onemg.gumlet.io/l_watermark_346,w_480,h_480/a_ignore,w_480,h_480,c_fit,q_auto,f_auto/cropped/j74vuzva9tccrjigthky.jpg",Abbott,48,45,7
Inderal 20mg Tablet,Propranolol (20mg),Treatment of PheochromocytomaTreatment of Hypertension (high blood pressure) Prevention of migraineTreatment of AnxietyTreatment of ArrhythmiaPrevention of Heart attackPrevention of Angina (heart-related chest pain)Treatment of Tremors,Tiredness Weakness Raynaud s phenomenon Arrhythmia irregular heartbeats Nausea Vomiting Diarrhea,"https://onemg.gumlet.io/l_watermark_346,w_480,h_480/a_ignore,w_480,h_480,c_fit,q_auto,f_auto/2d44363c34d34e02a2e4101797f6952c.jpg",Abbott,67,18,15
Inderal LA 40 Tablet SR,Propranolol (40mg),Treatment of PheochromocytomaTreatment of Hypertension (high blood pressure) Prevention of migraineTreatment of AnxietyTreatment of ArrhythmiaPrevention of Heart attackPrevention of Angina (heart-related chest pain)Treatment of Tremors,Tiredness Weakness Raynaud s phenomenon Arrhythmia irregular heartbeats Nausea Vomiting Diarrhea,"https://onemg.gumlet.io/l_watermark_346,w_480,h_480/a_ignore,w_480,h_480,c_fit,q_auto,f_auto/y1wqiapquiwn4zih26eg.jpg",Abbott,50,42,8
Ivepred 4 Tablet,Methylprednisolone (4mg),Treatment of Rheumatic disorderTreatment of Systemic lupus erythematosus (SLE)Treatment of Allergic conditionsTreatment of Eye disordersTreatment of Skin disorders,Thinning of skin Increased risk of infection Reduction in bone density Weight gain Mood changes Upset stomach Behavioral changes,"https://onemg.gumlet.io/l_watermark_346,w_480,h_480/a_ignore,w_480,h_480,c_fit,q_auto,f_auto/47b3e9d9ae2a4b88a191457dd37c9a97.jpg",Sun Pharmaceutical Industries Ltd,42,27,31
Infinair 10/5mg Tablet,Levocetirizine (5mg) + Montelukast (10mg),Treatment of Sneezing and runny nose due to allergiesTreatment of Hay feverTreatment of Allergic skin conditions,Nausea Diarrhea Dryness in mouth Fatigue Headache Skin rash Sleepiness Vomiting,"https://onemg.gumlet.io/l_watermark_346,w_480,h_480/a_ignore,w_480,h_480,c_fit,q_auto,f_auto/iwzgrj7la0ympb3u9woq.jpg",Pfizer Ltd,45,40,15
Inhipraz 40mg Tablet,Pantoprazole (40mg),Treatment of HeartburnTreatment of Gastroesophageal reflux disease (Acid reflux)Treatment of Peptic ulcer diseaseTreatment of Zollinger-Ellison syndrome,Diarrhea Flatulence Headache Nausea Stomach pain Vomiting Dizziness Upper respiratory tract infection,"https://onemg.gumlet.io/l_watermark_346,w_480,h_480/a_ignore,w_480,h_480,c_fit,q_auto,f_auto/02cbc09e1ab942d18e2e8be1f3cbb780.jpg",La Renon Healthcare Pvt Ltd,67,33,0
Instigo-D Tablet,Domperidone (30mg) + Rabeprazole (20mg),Treatment of Gastroesophageal reflux disease (Acid reflux)Treatment of Peptic ulcer disease,Diarrhea Stomach pain Dryness in mouth Headache Dizziness Flatulence Weakness Flu like symptoms,"https://onemg.gumlet.io/l_watermark_346,w_480,h_480/a_ignore,w_480,h_480,c_fit,q_auto,f_auto/cropped/lvlvqjarywtvke3m0he8.png",Mebio Labs Pvt Ltd,50,50,0
Jotair L Tablet,Levocetirizine (5mg) + Montelukast (10mg),Treatment of Sneezing and runny nose due to allergiesTreatment of Hay feverTreatment of Allergic skin conditions,Nausea Diarrhea Dryness in mouth Fatigue Headache Skin rash Sleepiness Vomiting,"https://onemg.gumlet.io/l_watermark_346,w_480,h_480/a_ignore,w_480,h_480,c_fit,q_auto,f_auto/cropped/xuhanrr3gnhgsoosdmch.jpg",Dr. Johns Laboratories Pvt Ltd,0,33,67
Kimet XL 25 Tablet,Metoprolol Succinate (23.75mg),Treatment of Hypertension (high blood pressure)Treatment of Angina (heart-related chest pain)Treatment of ArrhythmiaPrevention of Heart attackPrevention of Migraine,Fatigue Headache Slow heart rate Dizziness Nausea Breathlessness Rash Diarrhea Depression,"https://onemg.gumlet.io/l_watermark_346,w_480,h_480/a_ignore,w_480,h_480,c_fit,q_auto,f_auto/dkd5mqwj02vj1jfyhsj9.jpg",Zuventus Healthcare Ltd,67,8,25
Kimet XL 50 Tablet,Metoprolol Succinate (47.5mg),Treatment of Hypertension (high blood pressure)Treatment of Angina (heart-related chest pain)Treatment of ArrhythmiaPrevention of Heart attackPrevention of Migraine,Fatigue Headache Slow heart rate Dizziness Nausea Breathlessness Rash Diarrhea Depression,"https://onemg.gumlet.io/l_watermark_346,w_480,h_480/a_ignore,w_480,h_480,c_fit,q_auto,f_auto/afd6ac6924cd4a87b88d4e5705ba0f61.jpg",Zuventus Healthcare Ltd,67,33,0
Levocet M Tablet,Levocetirizine (5mg) + Montelukast (10mg),Treatment of Sneezing and runny nose due to allergiesTreatment of Hay feverTreatment of Allergic skin conditions,Nausea Diarrhea Dryness in mouth Fatigue Headache Skin rash Sleepiness Vomiting,"https://onemg.gumlet.io/l_watermark_346,w_480,h_480/a_ignore,w_480,h_480,c_fit,q_auto,f_auto/cropped/gvzaa8w1kcdkwqoaxkfh.jpg",Hetero Drugs Ltd,42,39,19
L-Hist Mont Tablet,Levocetirizine (5mg) + Montelukast (10mg),Treatment of Sneezing and runny nose due to allergiesTreatment of Hay feverTreatment of Allergic skin conditions,Nausea Diarrhea Dryness in mouth Fatigue Headache Skin rash Sleepiness Vomiting,"https://onemg.gumlet.io/l_watermark_346,w_480,h_480/a_ignore,w_480,h_480,c_fit,q_auto,f_auto/1f7a53f5609946fdad7136ed8ca6b8c6.jpg",Alkem Laboratories Ltd,36,39,25
Levosiz-M Tablet,Levocetirizine (5mg) + Montelukast (10mg),Treatment of Sneezing and runny nose due to allergiesTreatment of Hay feverTreatment of Allergic skin conditions,Nausea Diarrhea Dryness in mouth Fatigue Headache Skin rash Sleepiness Vomiting,"https://onemg.gumlet.io/l_watermark_346,w_480,h_480/a_ignore,w_480,h_480,c_fit,q_auto,f_auto/5663cf6e866845d0b7184c3275523b25.jpg",Systopic Laboratories Pvt Ltd,65,29,6
Laveta M  Tablet,Levocetirizine (5mg) + Montelukast (10mg),Treatment of Sneezing and runny nose due to allergiesTreatment of Hay feverTreatment of Allergic skin conditions,Nausea Diarrhea Dryness in mouth Fatigue Headache Skin rash Sleepiness Vomiting,"https://onemg.gumlet.io/l_watermark_346,w_480,h_480/a_ignore,w_480,h_480,c_fit,q_auto,f_auto/cropped/w5suwdkghsehyav0yuss.jpg",Alembic Pharmaceuticals Ltd,38,41,21
Lecope-M Tablet,Levocetirizine (5mg) + Montelukast (10mg),Treatment of Sneezing and runny nose due to allergiesTreatment of Hay feverTreatment of Allergic skin conditions,Nausea Diarrhea Dryness in mouth Fatigue Headache Skin rash Sleepiness Vomiting,"https://onemg.gumlet.io/l_watermark_346,w_480,h_480/a_ignore,w_480,h_480,c_fit,q_auto,f_auto/3a7cd00eb5194849a3b9aa046ef22768.jpg",Mankind Pharma Ltd,44,43,13
L Montus Tablet,Levocetirizine (5mg) + Montelukast (10mg),Treatment of Sneezing and runny nose due to allergiesTreatment of Hay feverTreatment of Allergic skin conditions,Nausea Diarrhea Dryness in mouth Fatigue Headache Skin rash Sleepiness Vomiting,"https://onemg.gumlet.io/l_watermark_346,w_480,h_480/a_ignore,w_480,h_480,c_fit,q_auto,f_auto/ca79e6cca95a46089ea8aae2fdbfd64d.jpg",Fourrts India Laboratories Pvt Ltd,47,39,14
Levozet M Tablet,Levocetirizine (5mg) + Montelukast (10mg),Treatment of Sneezing and runny nose due to allergiesTreatment of Hay feverTreatment of Allergic skin conditions,Nausea Diarrhea Dryness in mouth Fatigue Headache Skin rash Sleepiness Vomiting,"https://onemg.gumlet.io/l_watermark_346,w_480,h_480/a_ignore,w_480,h_480,c_fit,q_auto,f_auto/510e03489f724d6c967b567b7a03c7d2.jpg",Cadila Pharmaceuticals Ltd,24,57,19
Laveta M  Syrup,Levocetirizine (2.5mg/5ml) + Montelukast (4mg/5ml),Treatment of Sneezing and runny nose due to allergiesTreatment of Hay feverTreatment of Allergic skin conditions,Rash Nausea Diarrhea Dryness in mouth Fatigue Headache Skin rash Sleepiness Vomiting,"https://onemg.gumlet.io/l_watermark_346,w_480,h_480/a_ignore,w_480,h_480,c_fit,q_auto,f_auto/cropped/o9vwxvwxqcfdv0ft271a.jpg",Alembic Pharmaceuticals Ltd,48,35,17
Levocet M Syrup,Levocetirizine (2.5mg/5ml) + Montelukast (4mg/5ml),Treatment of Sneezing and runny nose due to allergiesTreatment of Hay feverTreatment of Allergic skin conditions,Rash Nausea Diarrhea Dryness in mouth Fatigue Headache Skin rash Sleepiness Vomiting,"https://onemg.gumlet.io/l_watermark_346,w_480,h_480/a_ignore,w_480,h_480,c_fit,q_auto,f_auto/a36b863a202245168e2080bc028d8f08.jpg",Hetero Drugs Ltd,100,0,0
Ldio 1 M 5mg/10mg Tablet,Levocetirizine (5mg) + Montelukast (10mg),Treatment of Sneezing and runny nose due to allergiesTreatment of Hay feverTreatment of Allergic skin conditions,Nausea Diarrhea Dryness in mouth Fatigue Headache Skin rash Sleepiness Vomiting,"https://onemg.gumlet.io/l_watermark_346,w_480,h_480/a_ignore,w_480,h_480,c_fit,q_auto,f_auto/b36b96ffb75f47f2b9253c9a6453763e.jpg",Unison Pharmaceuticals Pvt Ltd,52,38,10
L Montus Oral Suspension,Levocetirizine (2.5mg/5ml) + Montelukast (4mg/5ml),Treatment of Sneezing and runny nose due to allergiesTreatment of Hay feverTreatment of Allergic skin conditions,Rash Nausea Diarrhea Dryness in mouth Fatigue Headache Skin rash Sleepiness Vomiting,"https://onemg.gumlet.io/l_watermark_346,w_480,h_480/a_ignore,w_480,h_480,c_fit,q_auto,f_auto/cropped/jotupmhslaeidw0kdwdi.jpg",Fourrts India Laboratories Pvt Ltd,27,49,24
Lazine M Tablet,Levocetirizine (5mg) + Montelukast (10mg),Treatment of Sneezing and runny nose due to allergiesTreatment of Hay feverTreatment of Allergic skin conditions,Nausea Diarrhea Dryness in mouth Fatigue Headache Skin rash Sleepiness Vomiting,"https://onemg.gumlet.io/l_watermark_346,w_480,h_480/a_ignore,w_480,h_480,c_fit,q_auto,f_auto/352f0428ae47442ab3eddf7f12750dd6.jpg",Hetero Drugs Ltd,36,43,21
Levokast Tablet,Levocetirizine (5mg) + Montelukast (10mg),Treatment of Sneezing and runny nose due to allergiesTreatment of Hay feverTreatment of Allergic skin conditions,Nausea Diarrhea Dryness in mouth Fatigue Headache Skin rash Sleepiness Vomiting,"https://onemg.gumlet.io/l_watermark_346,w_480,h_480/a_ignore,w_480,h_480,c_fit,q_auto,f_auto/fe3f984cf4704185b2cdbd9f7f09e6f1.jpg",TTK Healthcare Ltd,29,46,25
Lasma LC Tablet,Levocetirizine (5mg) + Montelukast (10mg),Treatment of Sneezing and runny nose due to allergiesTreatment of Hay feverTreatment of Allergic skin conditions,Nausea Diarrhea Dryness in mouth Fatigue Headache Skin rash Sleepiness Vomiting,"https://onemg.gumlet.io/l_watermark_346,w_480,h_480/a_ignore,w_480,h_480,c_fit,q_auto,f_auto/cropped/ifs5qb7xybyfimcgtcxp.jpg",Apex Laboratories Pvt Ltd,33,56,11
Lasma LC Tablet,Levocetirizine (5mg) + Montelukast (10mg),Treatment of Sneezing and runny nose due to allergiesTreatment of Hay feverTreatment of Allergic skin conditions,Nausea Diarrhea Dryness in mouth Fatigue Headache Skin rash Sleepiness Vomiting,"https://onemg.gumlet.io/l_watermark_346,w_480,h_480/a_ignore,w_480,h_480,c_fit,q_auto,f_auto/cropped/ifs5qb7xybyfimcgtcxp.jpg",Apex Laboratories Pvt Ltd,33,56,11
Levocet M Kid Tablet MD,Levocetirizine (2.5mg) + Montelukast (4mg),Treatment of Sneezing and runny nose due to allergiesTreatment of Hay feverTreatment of Allergic skin conditions,Rash Nausea Diarrhea Dryness in mouth Fatigue Headache Skin rash Sleepiness Vomiting,"https://onemg.gumlet.io/l_watermark_346,w_480,h_480/a_ignore,w_480,h_480,c_fit,q_auto,f_auto/c303cd26897243a481dbcd7faba10b91.jpg",Hetero Drugs Ltd,75,25,0
Levotac-M Tablet,Levocetirizine (5mg) + Montelukast (10mg),Treatment of Sneezing and runny nose due to allergiesTreatment of Hay feverTreatment of Allergic skin conditions,Nausea Diarrhea Dryness in mouth Fatigue Headache Skin rash Sleepiness Vomiting,"https://onemg.gumlet.io/l_watermark_346,w_480,h_480/a_ignore,w_480,h_480,c_fit,q_auto,f_auto/cropped/ngvifqzzebwoda0p3gop.jpg",Seagull Pharmaceutical Pvt Ltd,41,44,15
Lasma LC kid Syrup,Levocetirizine (2.5mg/5ml) + Montelukast (4mg/5ml),Treatment of Sneezing and runny nose due to allergiesTreatment of Hay feverTreatment of Allergic skin conditions,Rash Nausea Diarrhea Dryness in mouth Fatigue Headache Skin rash Sleepiness Vomiting,"https://onemg.gumlet.io/l_watermark_346,w_480,h_480/a_ignore,w_480,h_480,c_fit,q_auto,f_auto/9bf6a567b1754dbc8cbd0a81e69b71b0.jpg",Apex Laboratories Pvt Ltd,13,54,33
Lasma LC Kid Tablet,Levocetirizine (2.5mg) + Montelukast (4mg),Treatment of Sneezing and runny nose due to allergiesTreatment of Hay feverTreatment of Allergic skin conditions,Rash Nausea Diarrhea Dryness in mouth Fatigue Headache Skin rash Sleepiness Vomiting,"https://onemg.gumlet.io/l_watermark_346,w_480,h_480/a_ignore,w_480,h_480,c_fit,q_auto,f_auto/cropped/aneybkxqvbsmwyg1nhpy.jpg",Apex Laboratories Pvt Ltd,41,22,37
L Montus Kid Tablet,Levocetirizine (2.5mg) + Montelukast (4mg),Treatment of Sneezing and runny nose due to allergiesTreatment of Hay feverTreatment of Allergic skin conditions,Rash Nausea Diarrhea Dryness in mouth Fatigue Headache Skin rash Sleepiness Vomiting,"https://onemg.gumlet.io/l_watermark_346,w_480,h_480/a_ignore,w_480,h_480,c_fit,q_auto,f_auto/cropped/lkuwc81gsk7tuvqbfoaz.jpg",Fourrts India Laboratories Pvt Ltd,47,20,33
Lefive M Tablet,Levocetirizine (NA) + Montelukast (NA),Treatment of Sneezing and runny nose due to allergiesTreatment of Hay feverTreatment of Allergic skin conditions,Nausea Diarrhea Dryness in mouth Fatigue Headache Skin rash Sleepiness Vomiting,"https://onemg.gumlet.io/l_watermark_346,w_480,h_480/a_ignore,w_480,h_480,c_fit,q_auto,f_auto/b25743208cec4dafa946f2d57cf65f26.jpg",Eright Healthcare,0,0,100
Lekast Tablet,Levocetirizine (5mg) + Montelukast (10mg),Treatment of Sneezing and runny nose due to allergiesTreatment of Hay feverTreatment of Allergic skin conditions,Nausea Diarrhea Dryness in mouth Fatigue Headache Skin rash Sleepiness Vomiting,"https://onemg.gumlet.io/l_watermark_346,w_480,h_480/a_ignore,w_480,h_480,c_fit,q_auto,f_auto/gdgsfnyspvphruqwl8o3.jpg",Unimarck Healthcare Ltd,75,25,0
L-Hist Mont Syrup,Levocetirizine (5mg) + Montelukast (10mg),Treatment of Sneezing and runny nose due to allergiesTreatment of Hay feverTreatment of Allergic skin conditions,Nausea Diarrhea Dryness in mouth Fatigue Headache Skin rash Sleepiness Vomiting,"https://onemg.gumlet.io/l_watermark_346,w_480,h_480/a_ignore,w_480,h_480,c_fit,q_auto,f_auto/10d2303f63584e07929ad514d9d89e01.jpg",Alkem Laboratories Ltd,67,33,0
Lukotas LC Tablet,Levocetirizine (5mg) + Montelukast (10mg),Treatment of Sneezing and runny nose due to allergiesTreatment of Hay feverTreatment of Allergic skin conditions,Nausea Diarrhea Dryness in mouth Fatigue Headache Skin rash Sleepiness Vomiting,"https://onemg.gumlet.io/l_watermark_346,w_480,h_480/a_ignore,w_480,h_480,c_fit,q_auto,f_auto/cropped/smtb7o97k4hnalhv9usf.jpg",Intas Pharmaceuticals Ltd,39,50,11
Lukotrap Tablet,Levocetirizine (5mg) + Montelukast (10mg),Treatment of Sneezing and runny nose due to allergiesTreatment of Hay feverTreatment of Allergic skin conditions,Nausea Diarrhea Dryness in mouth Fatigue Headache Skin rash Sleepiness Vomiting,"https://onemg.gumlet.io/l_watermark_346,w_480,h_480/a_ignore,w_480,h_480,c_fit,q_auto,f_auto/cropped/pswuwnet8joagzqxxm2f.jpg",Indchemie Health Specialities Pvt Ltd,22,22,56
Levosiz-M Kid Tablet,Levocetirizine (2.5mg) + Montelukast (4mg),Treatment of Sneezing and runny nose due to allergiesTreatment of Hay feverTreatment of Allergic skin conditions,Rash Nausea Diarrhea Dryness in mouth Fatigue Headache Skin rash Sleepiness Vomiting,"https://onemg.gumlet.io/l_watermark_346,w_480,h_480/a_ignore,w_480,h_480,c_fit,q_auto,f_auto/cropped/q85qewx8hvflzjgjkk7w.jpg",Systopic Laboratories Pvt Ltd,22,67,11
Lupisoz Tablet,Esomeprazole (40mg),Treatment of Gastroesophageal reflux disease (Acid reflux)Treatment of Peptic ulcer diseaseTreatment of Zollinger-Ellison syndrome,Headache Dryness in mouth Nausea Abdominal pain Constipation Flatulence Diarrhea,"https://onemg.gumlet.io/l_watermark_346,w_480,h_480/a_ignore,w_480,h_480,c_fit,q_auto,f_auto/b8194400272b458da0265f456519ccdd.jpg",Lupin Ltd,100,0,0
Lafaxid-D  Tablet,Lafutidine (10mg) + Domperidone (30mg), Gastroesophageal reflux disease (Acid reflux) Peptic ulcer disease,Nausea Diarrhea Dryness in mouth Fatigue Headache Muscle pain Drowsiness Dizziness Increased liver enzymes Protein in urine Increased uric acid level in blood,"https://onemg.gumlet.io/l_watermark_346,w_480,h_480/a_ignore,w_480,h_480,c_fit,q_auto,f_auto/cropped/gdtz4lebsnjz9kobj3id.jpg",Zuventus Healthcare Ltd,100,0,0
Lezyncet-M Tablet,Levocetirizine (5mg) + Montelukast (10mg),Treatment of Sneezing and runny nose due to allergiesTreatment of Hay feverTreatment of Allergic skin conditions,Nausea Diarrhea Dryness in mouth Fatigue Headache Skin rash Sleepiness Vomiting,"https://onemg.gumlet.io/l_watermark_346,w_480,h_480/a_ignore,w_480,h_480,c_fit,q_auto,f_auto/cropped/ynoqldmwur2d0iwbqkmo.jpg",Torrent Pharmaceuticals Ltd,0,50,50
Lorfast MT Tablet,Levocetirizine (5mg) + Montelukast (10mg),Treatment of Sneezing and runny nose due to allergiesTreatment of Hay feverTreatment of Allergic skin conditions,Nausea Diarrhea Dryness in mouth Fatigue Headache Skin rash Sleepiness Vomiting,"https://onemg.gumlet.io/l_watermark_346,w_480,h_480/a_ignore,w_480,h_480,c_fit,q_auto,f_auto/cropped/t3d56punmdk3okq3k7g2.jpg",Cadila Pharmaceuticals Ltd,33,45,22
Lit M Tablet,Levocetirizine (5mg) + Montelukast (10mg),Treatment of Sneezing and runny nose due to allergiesTreatment of Hay feverTreatment of Allergic skin conditions,Nausea Diarrhea Dryness in mouth Fatigue Headache Skin rash Sleepiness Vomiting,"https://onemg.gumlet.io/l_watermark_346,w_480,h_480/a_ignore,w_480,h_480,c_fit,q_auto,f_auto/c301e42eed3f41f69353509a538017b0.jpg",Omenta Pharma Pvt Ltd,67,33,0
Levokast Oral Suspension,Levocetirizine (2.5mg/5ml) + Montelukast (4mg/5ml),Treatment of Sneezing and runny nose due to allergiesTreatment of Hay feverTreatment of Allergic skin conditions,Rash Nausea Diarrhea Dryness in mouth Fatigue Headache Skin rash Sleepiness Vomiting,"https://onemg.gumlet.io/l_watermark_346,w_480,h_480/a_ignore,w_480,h_480,c_fit,q_auto,f_auto/88a1f5d6f9ec465a8e67289bb439bed6.jpg",TTK Healthcare Ltd,42,16,42
LCZ-Mont Kid Tablet,Levocetirizine (2.5mg) + Montelukast (4mg),Treatment of Sneezing and runny nose due to allergiesTreatment of Hay feverTreatment of Allergic skin conditions,Rash Nausea Diarrhea Dryness in mouth Fatigue Headache Skin rash Sleepiness Vomiting,"https://onemg.gumlet.io/l_watermark_346,w_480,h_480/a_ignore,w_480,h_480,c_fit,q_auto,f_auto/cropped/axkonwzolwa7y5enmzo9.jpg",Rapross Pharmaceuticals Pvt Ltd,0,0,100
Levokon-M Tablet,Levocetirizine (5mg) + Montelukast (10mg),Treatment of Sneezing and runny nose due to allergiesTreatment of Hay feverTreatment of Allergic skin conditions,Nausea Diarrhea Dryness in mouth Fatigue Headache Skin rash Sleepiness Vomiting,"https://onemg.gumlet.io/l_watermark_346,w_480,h_480/a_ignore,w_480,h_480,c_fit,q_auto,f_auto/e84e831cea20463fa765c2c049af2bc1.jpg",Eskon Pharma,67,33,0
Levozen M Tablet,Levocetirizine (5mg) + Montelukast (10mg),Treatment of Sneezing and runny nose due to allergiesTreatment of Hay feverTreatment of Allergic skin conditions,Nausea Diarrhea Dryness in mouth Fatigue Headache Skin rash Sleepiness Vomiting,"https://onemg.gumlet.io/l_watermark_346,w_480,h_480/a_ignore,w_480,h_480,c_fit,q_auto,f_auto/cropped/fgenbcm16vthf6cyzibd.jpg",Zeno Healthcare,0,33,67
Levotiz-M Tablet,Levocetirizine (5mg) + Montelukast (10mg),Treatment of Sneezing and runny nose due to allergiesTreatment of Hay feverTreatment of Allergic skin conditions,Nausea Diarrhea Dryness in mouth Fatigue Headache Skin rash Sleepiness Vomiting,"https://onemg.gumlet.io/l_watermark_346,w_480,h_480/a_ignore,w_480,h_480,c_fit,q_auto,f_auto/xsuyghowh5w0gyqaqolb.jpg",Foregen Healthcare Ltd,67,33,0
LCZ-Mont Suspension,Levocetirizine (5mg) + Montelukast (10mg),Treatment of Sneezing and runny nose due to allergiesTreatment of Hay feverTreatment of Allergic skin conditions,Nausea Diarrhea Dryness in mouth Fatigue Headache Skin rash Sleepiness Vomiting,"https://onemg.gumlet.io/l_watermark_346,w_480,h_480/a_ignore,w_480,h_480,c_fit,q_auto,f_auto/d77b45b07c19419094a02f53ad860767.jpg",Rapross Pharmaceuticals Pvt Ltd,67,33,0
Levrom-M Syrup,Levocetirizine (2.5mg) + Montelukast (4mg),Treatment of Sneezing and runny nose due to allergiesTreatment of Hay feverTreatment of Allergic skin conditions,Rash Nausea Diarrhea Dryness in mouth Fatigue Headache Skin rash Sleepiness Vomiting,"https://onemg.gumlet.io/l_watermark_346,w_480,h_480/a_ignore,w_480,h_480,c_fit,q_auto,f_auto/cropped/q8laxygzlx9yizrscg62.jpg",Romas Remedies,0,0,100
Montek LC Tablet,Levocetirizine (5mg) + Montelukast (10mg),Treatment of Sneezing and runny nose due to allergiesTreatment of Hay feverTreatment of Allergic skin conditions,Nausea Diarrhea Dryness in mouth Fatigue Headache Skin rash Sleepiness Vomiting,"https://onemg.gumlet.io/l_watermark_346,w_480,h_480/a_ignore,w_480,h_480,c_fit,q_auto,f_auto/cropped/hu9ossbgvej1rylj0xls.jpg",Sun Pharmaceutical Industries Ltd,41,40,19
Montair-LC Tablet,Levocetirizine (5mg) + Montelukast (10mg),Treatment of Sneezing and runny nose due to allergiesTreatment of Hay feverTreatment of Allergic skin conditions,Nausea Diarrhea Dryness in mouth Fatigue Headache Skin rash Sleepiness Vomiting,"https://onemg.gumlet.io/l_watermark_346,w_480,h_480/a_ignore,w_480,h_480,c_fit,q_auto,f_auto/wbcmitb6ibmotmsy9st6.jpg",Cipla Ltd,46,39,15
Montina-L Tablet,Levocetirizine (5mg) + Montelukast (10mg),Treatment of Sneezing and runny nose due to allergiesTreatment of Hay feverTreatment of Allergic skin conditions,Nausea Diarrhea Dryness in mouth Fatigue Headache Skin rash Sleepiness Vomiting,"https://onemg.gumlet.io/l_watermark_346,w_480,h_480/a_ignore,w_480,h_480,c_fit,q_auto,f_auto/cropped/ohfqz2pmlomqs7d9vmi0.jpg",Aristo Pharmaceuticals Pvt Ltd,46,38,16
Monticope Tablet,Levocetirizine (5mg) + Montelukast (10mg),Treatment of Sneezing and runny nose due to allergiesTreatment of Hay feverTreatment of Allergic skin conditions,Nausea Diarrhea Dryness in mouth Fatigue Headache Skin rash Sleepiness Vomiting,"https://onemg.gumlet.io/l_watermark_346,w_480,h_480/a_ignore,w_480,h_480,c_fit,q_auto,f_auto/cfdfbbe893174815946e897d2a35384a.jpg",Mankind Pharma Ltd,46,42,12
Montair LC Kid Syrup,Levocetirizine (2.5mg/5ml) + Montelukast (4mg/5ml),Treatment of Sneezing and runny nose due to allergiesTreatment of Hay feverTreatment of Allergic skin conditions,Rash Nausea Diarrhea Dryness in mouth Fatigue Headache Skin rash Sleepiness Vomiting,"https://onemg.gumlet.io/l_watermark_346,w_480,h_480/a_ignore,w_480,h_480,c_fit,q_auto,f_auto/cropped/zhd8fv9gmxscys86uumw.jpg",Cipla Ltd,34,43,23
Montas-L Tablet,Levocetirizine (5mg) + Montelukast (10mg),Treatment of Sneezing and runny nose due to allergiesTreatment of Hay feverTreatment of Allergic skin conditions,Nausea Diarrhea Dryness in mouth Fatigue Headache Skin rash Sleepiness Vomiting,"https://onemg.gumlet.io/l_watermark_346,w_480,h_480/a_ignore,w_480,h_480,c_fit,q_auto,f_auto/zkljusmevjth3wbnxvle.jpg",Intas Pharmaceuticals Ltd,48,39,13
Met XL 25 Tablet,Metoprolol Succinate (23.75mg),Treatment of Hypertension (high blood pressure)Treatment of Angina (heart-related chest pain)Treatment of ArrhythmiaPrevention of Heart attackPrevention of Migraine,Fatigue Headache Slow heart rate Dizziness Nausea Breathlessness Rash Diarrhea Depression,"https://onemg.gumlet.io/l_watermark_346,w_480,h_480/a_ignore,w_480,h_480,c_fit,q_auto,f_auto/fzsldtube07xmins5vjm.jpg",Ajanta Pharma Ltd,56,40,4
Met XL 50 Tablet,Metoprolol Succinate (47.5mg),Treatment of Hypertension (high blood pressure)Treatment of Angina (heart-related chest pain)Treatment of ArrhythmiaPrevention of Heart attackPrevention of Migraine,Fatigue Headache Slow heart rate Dizziness Nausea Breathlessness Rash Diarrhea Depression,"https://onemg.gumlet.io/l_watermark_346,w_480,h_480/a_ignore,w_480,h_480,c_fit,q_auto,f_auto/f88468a30ffc41f594d885f0ec191c3c.jpg",Ajanta Pharma Ltd,58,35,7
Monticope Suspension,Levocetirizine (2.5mg/5ml) + Montelukast (4mg/5ml),Treatment of Sneezing and runny nose due to allergiesTreatment of Hay feverTreatment of Allergic skin conditions,Rash Nausea Diarrhea Dryness in mouth Fatigue Headache Skin rash Sleepiness Vomiting,"https://onemg.gumlet.io/l_watermark_346,w_480,h_480/a_ignore,w_480,h_480,c_fit,q_auto,f_auto/cropped/dgacsjuotwuommbgkvoj.jpg",Mankind Pharma Ltd,21,46,33
Montemac-L Tablet,Levocetirizine (5mg) + Montelukast (10mg),Treatment of Sneezing and runny nose due to allergiesTreatment of Hay feverTreatment of Allergic skin conditions,Nausea Diarrhea Dryness in mouth Fatigue Headache Skin rash Sleepiness Vomiting,"https://onemg.gumlet.io/l_watermark_346,w_480,h_480/a_ignore,w_480,h_480,c_fit,q_auto,f_auto/cropped/h8tk7yseqdsrrzzhb5b7.jpg",Macleods Pharmaceuticals Pvt Ltd,31,50,19
Montina-L Syrup,Levocetirizine (2.5mg/5ml) + Montelukast (4mg/5ml),Treatment of Sneezing and runny nose due to allergiesTreatment of Hay feverTreatment of Allergic skin conditions,Rash Nausea Diarrhea Dryness in mouth Fatigue Headache Skin rash Sleepiness Vomiting,"https://onemg.gumlet.io/l_watermark_346,w_480,h_480/a_ignore,w_480,h_480,c_fit,q_auto,f_auto/cropped/qxnje0gu9jptiirntfqg.jpg",Aristo Pharmaceuticals Pvt Ltd,10,47,43
Montecip LC Tablet,Levocetirizine (5mg) + Montelukast (10mg),Treatment of Sneezing and runny nose due to allergiesTreatment of Hay feverTreatment of Allergic skin conditions,Nausea Diarrhea Dryness in mouth Fatigue Headache Skin rash Sleepiness Vomiting,"https://onemg.gumlet.io/l_watermark_346,w_480,h_480/a_ignore,w_480,h_480,c_fit,q_auto,f_auto/vftrlc0rdh1g116ycw4i.jpg",Cipla Ltd,51,43,6
Montair LC Kid Tablet DT,Levocetirizine (2.5mg) + Montelukast (4mg),Treatment of Sneezing and runny nose due to allergiesTreatment of Hay feverTreatment of Allergic skin conditions,Rash Nausea Diarrhea Dryness in mouth Fatigue Headache Skin rash Sleepiness Vomiting,"https://onemg.gumlet.io/l_watermark_346,w_480,h_480/a_ignore,w_480,h_480,c_fit,q_auto,f_auto/650df9bf88c043b4aea0d045dff4a4e7.jpg",Cipla Ltd,39,49,12
Montek LC Kid Syrup,Levocetirizine (2.5mg/5ml) + Montelukast (4mg/5ml),Treatment of Sneezing and runny nose due to allergiesTreatment of Hay feverTreatment of Allergic skin conditions,Rash Nausea Diarrhea Dryness in mouth Fatigue Headache Skin rash Sleepiness Vomiting,"https://onemg.gumlet.io/l_watermark_346,w_480,h_480/a_ignore,w_480,h_480,c_fit,q_auto,f_auto/3cadc287-1153-4cda-bba9-69473616fb42.jpg",Sun Pharmaceutical Industries Ltd,39,39,22
Mecofol 10 Tablet For Vitamin B12 Deficiency,Methylcobalamin (500mcg),Treatment of Pernicious Anemia Vitamin B12 deficiency,Vomiting Loss of appetite Headache,"https://onemg.gumlet.io/l_watermark_346,w_480,h_480/a_ignore,w_480,h_480,c_fit,q_auto,f_auto/mocdxefg6wmzqphv2nim.jpg",Intas Pharmaceuticals Ltd,44,34,22
Metolar XR 50 Capsule,Metoprolol Succinate (47.5mg),Treatment of Hypertension (high blood pressure)Treatment of Angina (heart-related chest pain)Treatment of ArrhythmiaPrevention of Heart attackPrevention of Migraine,Fatigue Headache Slow heart rate Dizziness Nausea Breathlessness Rash Diarrhea Depression,"https://onemg.gumlet.io/l_watermark_346,w_480,h_480/a_ignore,w_480,h_480,c_fit,q_auto,f_auto/17a4925916dc4953b8b9e0d1f6042d32.jpg",Cipla Ltd,50,35,15
Montek LC Kid Tablet,Levocetirizine (2.5mg) + Montelukast (4mg),Treatment of Sneezing and runny nose due to allergiesTreatment of Hay feverTreatment of Allergic skin conditions,Rash Nausea Diarrhea Dryness in mouth Fatigue Headache Skin rash Sleepiness Vomiting,"https://onemg.gumlet.io/l_watermark_346,w_480,h_480/a_ignore,w_480,h_480,c_fit,q_auto,f_auto/1958605e370a44fb8e732f8a7a524b80.jpg",Sun Pharmaceutical Industries Ltd,27,51,22
Montewok-LC Tablet,Levocetirizine (5mg) + Montelukast (10mg),Treatment of Sneezing and runny nose due to allergiesTreatment of Hay feverTreatment of Allergic skin conditions,Nausea Diarrhea Dryness in mouth Fatigue Headache Skin rash Sleepiness Vomiting,"https://onemg.gumlet.io/l_watermark_346,w_480,h_480/a_ignore,w_480,h_480,c_fit,q_auto,f_auto/fc0223835ac444dcac36b40f926ed06d.jpg",Wockhardt Ltd,51,28,21
Montina-L DT Tablet,Levocetirizine (2.5mg) + Montelukast (4mg),Treatment of Sneezing and runny nose due to allergiesTreatment of Hay feverTreatment of Allergic skin conditions,Rash Nausea Diarrhea Dryness in mouth Fatigue Headache Skin rash Sleepiness Vomiting,"https://onemg.gumlet.io/l_watermark_346,w_480,h_480/a_ignore,w_480,h_480,c_fit,q_auto,f_auto/cropped/wiogiivivi58eg8muwjs.jpg",Aristo Pharmaceuticals Pvt Ltd,27,40,33
Minolast LC 5mg/10mg Tablet,Levocetirizine (5mg) + Montelukast (10mg),Treatment of Sneezing and runny nose due to allergiesTreatment of Hay feverTreatment of Allergic skin conditions,Nausea Diarrhea Dryness in mouth Fatigue Headache Skin rash Sleepiness Vomiting,"https://onemg.gumlet.io/l_watermark_346,w_480,h_480/a_ignore,w_480,h_480,c_fit,q_auto,f_auto/543ff2b74bd440339733821f0aff8ae0.jpg",Leeford Healthcare Ltd,29,31,40
Montral Tablet,Levocetirizine (5mg) + Montelukast (10mg),Treatment of Sneezing and runny nose due to allergiesTreatment of Hay feverTreatment of Allergic skin conditions,Nausea Diarrhea Dryness in mouth Fatigue Headache Skin rash Sleepiness Vomiting,"https://onemg.gumlet.io/l_watermark_346,w_480,h_480/a_ignore,w_480,h_480,c_fit,q_auto,f_auto/cropped/mzmuzd87on1usrjq9kne.jpg",Micro Labs Ltd,44,33,23
Monticope -Kid Tablet,Levocetirizine (2.5mg) + Montelukast (4mg),Treatment of Sneezing and runny nose due to allergiesTreatment of Hay feverTreatment of Allergic skin conditions,Rash Nausea Diarrhea Dryness in mouth Fatigue Headache Skin rash Sleepiness Vomiting,"https://onemg.gumlet.io/l_watermark_346,w_480,h_480/a_ignore,w_480,h_480,c_fit,q_auto,f_auto/cropped/rgcjhk8mzibt2aeyctry.jpg",Mankind Pharma Ltd,71,15,14
Montemac-L Syrup,Levocetirizine (2.5mg/5ml) + Montelukast (4mg/5ml),Treatment of Sneezing and runny nose due to allergiesTreatment of Hay feverTreatment of Allergic skin conditions,Rash Nausea Diarrhea Dryness in mouth Fatigue Headache Skin rash Sleepiness Vomiting,"https://onemg.gumlet.io/l_watermark_346,w_480,h_480/a_ignore,w_480,h_480,c_fit,q_auto,f_auto/0c47d0c5fb4844b29a4e9ed60d2a8d06.jpg",Macleods Pharmaceuticals Pvt Ltd,0,33,67
Monlevo Tablet,Levocetirizine (5mg) + Montelukast (10mg),Treatment of Sneezing and runny nose due to allergiesTreatment of Hay feverTreatment of Allergic skin conditions,Nausea Diarrhea Dryness in mouth Fatigue Headache Skin rash Sleepiness Vomiting,"https://onemg.gumlet.io/l_watermark_346,w_480,h_480/a_ignore,w_480,h_480,c_fit,q_auto,f_auto/cropped/guszoanzfz6wsr4cyy2c.jpg",Franco-Indian Pharmaceuticals Pvt Ltd,52,39,9
Miontizee-L Tablet,Levocetirizine (5mg) + Montelukast (10mg),Treatment of Sneezing and runny nose due to allergiesTreatment of Hay feverTreatment of Allergic skin conditions,Nausea Diarrhea Dryness in mouth Fatigue Headache Skin rash Sleepiness Vomiting,"https://onemg.gumlet.io/l_watermark_346,w_480,h_480/a_ignore,w_480,h_480,c_fit,q_auto,f_auto/j7x7b7kv6qddshsbpnpq.jpg",Zeelab Pharmacy Pvt Ltd,0,0,100
Monticope Suspension,Levocetirizine (2.5mg/5ml) + Montelukast (4mg/5ml),Treatment of Sneezing and runny nose due to allergiesTreatment of Hay feverTreatment of Allergic skin conditions,Rash Nausea Diarrhea Dryness in mouth Fatigue Headache Skin rash Sleepiness Vomiting,"https://onemg.gumlet.io/l_watermark_346,w_480,h_480/a_ignore,w_480,h_480,c_fit,q_auto,f_auto/cropped/jfhrkk6tccgmd6gtkkix.jpg",Mankind Pharma Ltd,50,17,33
Montas-L,Levocetirizine (2.5mg/5ml) + Montelukast (4mg/5ml),Treatment of Sneezing and runny nose due to allergiesTreatment of Hay feverTreatment of Allergic skin conditions,Rash Nausea Diarrhea Dryness in mouth Fatigue Headache Skin rash Sleepiness Vomiting,"https://onemg.gumlet.io/l_watermark_346,w_480,h_480/a_ignore,w_480,h_480,c_fit,q_auto,f_auto/e8cf842d6ed5461cac6c4e1525161004.jpg",Intas Pharmaceuticals Ltd,100,0,0
MTnL Tablet,Levocetirizine (5mg) + Montelukast (10mg),Treatment of Sneezing and runny nose due to allergiesTreatment of Hay feverTreatment of Allergic skin conditions,Nausea Diarrhea Dryness in mouth Fatigue Headache Skin rash Sleepiness Vomiting,"https://onemg.gumlet.io/l_watermark_346,w_480,h_480/a_ignore,w_480,h_480,c_fit,q_auto,f_auto/cropped/xgfvyp5mnd2x7vmmct1y.jpg",Centaur Pharmaceuticals Pvt Ltd,61,17,22
Montemac-L Kid  Tablet DT,Levocetirizine (2.5mg) + Montelukast (4mg),Treatment of Sneezing and runny nose due to allergiesTreatment of Hay feverTreatment of Allergic skin conditions,Rash Nausea Diarrhea Dryness in mouth Fatigue Headache Skin rash Sleepiness Vomiting,"https://onemg.gumlet.io/l_watermark_346,w_480,h_480/a_ignore,w_480,h_480,c_fit,q_auto,f_auto/cropped/p1lcsdsdfovr70ldwskd.jpg",Macleods Pharmaceuticals Pvt Ltd,0,50,50
Monet LC 5mg/10mg Tablet,Levocetirizine (5mg) + Montelukast (10mg),Treatment of Sneezing and runny nose due to allergiesTreatment of Hay feverTreatment of Allergic skin conditions,Nausea Diarrhea Dryness in mouth Fatigue Headache Skin rash Sleepiness Vomiting,"https://onemg.gumlet.io/l_watermark_346,w_480,h_480/a_ignore,w_480,h_480,c_fit,q_auto,f_auto/92e4dfd875ab449f827d2087cf6a2099.jpg",Mapra Laboratories Pvt Ltd,22,45,33
Monzap-LC Tablet,Levocetirizine (5mg) + Montelukast (10mg),Treatment of Sneezing and runny nose due to allergiesTreatment of Hay feverTreatment of Allergic skin conditions,Nausea Diarrhea Dryness in mouth Fatigue Headache Skin rash Sleepiness Vomiting,"https://onemg.gumlet.io/l_watermark_346,w_480,h_480/a_ignore,w_480,h_480,c_fit,q_auto,f_auto/375674ab540e48a5b4ef6c7de3594bb1.jpg",Serum Institute Of India Ltd,50,50,0
Montegress LC 5mg/10mg Tablet,Levocetirizine (5mg) + Montelukast (10mg),Treatment of Sneezing and runny nose due to allergiesTreatment of Hay feverTreatment of Allergic skin conditions,Nausea Diarrhea Dryness in mouth Fatigue Headache Skin rash Sleepiness Vomiting,"https://onemg.gumlet.io/l_watermark_346,w_480,h_480/a_ignore,w_480,h_480,c_fit,q_auto,f_auto/ddea4537412f4d53b2acd829ef4c9548.jpg",La Renon Healthcare Pvt Ltd,44,48,8
Montina-L Syrup,Levocetirizine (2.5mg/5ml) + Montelukast (4mg/5ml),Treatment of Sneezing and runny nose due to allergiesTreatment of Hay feverTreatment of Allergic skin conditions,Rash Nausea Diarrhea Dryness in mouth Fatigue Headache Skin rash Sleepiness Vomiting,"https://onemg.gumlet.io/l_watermark_346,w_480,h_480/a_ignore,w_480,h_480,c_fit,q_auto,f_auto/cropped/fqaqu9r8fsgyomllwujk.jpg",Aristo Pharmaceuticals Pvt Ltd,50,22,28
Montelo LC Tablet,Levocetirizine (5mg) + Montelukast (10mg),Treatment of Sneezing and runny nose due to allergiesTreatment of Hay feverTreatment of Allergic skin conditions,Nausea Diarrhea Dryness in mouth Fatigue Headache Skin rash Sleepiness Vomiting,"https://onemg.gumlet.io/l_watermark_346,w_480,h_480/a_ignore,w_480,h_480,c_fit,q_auto,f_auto/c79e9f041062407495a4fef3438abc0c.jpg",Mascot Health Series Pvt Ltd,33,34,33
Monzem LC Tablet,Levocetirizine (5mg) + Montelukast (10mg),Treatment of Sneezing and runny nose due to allergiesTreatment of Hay feverTreatment of Allergic skin conditions,Nausea Diarrhea Dryness in mouth Fatigue Headache Skin rash Sleepiness Vomiting,"https://onemg.gumlet.io/l_watermark_346,w_480,h_480/a_ignore,w_480,h_480,c_fit,q_auto,f_auto/o49wkeurwoqazjr3m13x.jpg",Saffron Therapeutics Pvt Ltd,0,0,100
Makair Tablet,Levocetirizine (NA) + Montelukast (NA),Treatment of Sneezing and runny nose due to allergiesTreatment of Hay feverTreatment of Allergic skin conditions,Nausea Diarrhea Dryness in mouth Fatigue Headache Skin rash Sleepiness Vomiting,"https://onemg.gumlet.io/l_watermark_346,w_480,h_480/a_ignore,w_480,h_480,c_fit,q_auto,f_auto/cropped/wbahpjof3cejkejpgqkl.png",Makers Laboratories Ltd,67,33,0
Minolast 10 Tablet,Levocetirizine (5mg) + Montelukast (10mg),Treatment of Sneezing and runny nose due to allergiesTreatment of Hay feverTreatment of Allergic skin conditions,Nausea Diarrhea Dryness in mouth Fatigue Headache Skin rash Sleepiness Vomiting,"https://onemg.gumlet.io/l_watermark_346,w_480,h_480/a_ignore,w_480,h_480,c_fit,q_auto,f_auto/04ab5f95546545f0ab4db12dc2b48812.jpg",Leeford Healthcare Ltd,21,40,39
Montrelief-LC Tablet,Levocetirizine (5mg) + Montelukast (10mg),Treatment of Sneezing and runny nose due to allergiesTreatment of Hay feverTreatment of Allergic skin conditions,Nausea Diarrhea Dryness in mouth Fatigue Headache Skin rash Sleepiness Vomiting,"https://onemg.gumlet.io/l_watermark_346,w_480,h_480/a_ignore,w_480,h_480,c_fit,q_auto,f_auto/cropped/nmvbhvmpnkvmxwhf7zao.jpg",Signature Phytochemical Industries,56,44,0
Minolast Kid 2.5mg/4mg Tablet,Levocetirizine (2.5mg) + Montelukast (4mg),Treatment of Sneezing and runny nose due to allergiesTreatment of Hay feverTreatment of Allergic skin conditions,Rash Nausea Diarrhea Dryness in mouth Fatigue Headache Skin rash Sleepiness Vomiting,"https://onemg.gumlet.io/l_watermark_346,w_480,h_480/a_ignore,w_480,h_480,c_fit,q_auto,f_auto/35c78e6f6adc46adbcdf27568beb0ff0.jpg",Leeford Healthcare Ltd,67,33,0
Montgold Tablet,Levocetirizine (5mg) + Montelukast (10mg),Treatment of Sneezing and runny nose due to allergiesTreatment of Hay feverTreatment of Allergic skin conditions,Nausea Diarrhea Dryness in mouth Fatigue Headache Skin rash Sleepiness Vomiting,"https://onemg.gumlet.io/l_watermark_346,w_480,h_480/a_ignore,w_480,h_480,c_fit,q_auto,f_auto/bd1490eea63045fd94c9c30af453ac65.jpg",Linux Laboratories,22,11,67
Montark-L Tablet,Levocetirizine (5mg) + Montelukast (10mg),Treatment of Sneezing and runny nose due to allergiesTreatment of Hay feverTreatment of Allergic skin conditions,Nausea Diarrhea Dryness in mouth Fatigue Headache Skin rash Sleepiness Vomiting,"https://onemg.gumlet.io/l_watermark_346,w_480,h_480/a_ignore,w_480,h_480,c_fit,q_auto,f_auto/a7b42d23f34b4b08943401e810e68479.jpg",Optho Life Sciences Pvt Ltd,100,0,0
Nukast 10 Tablet,Levocetirizine (5mg) + Montelukast (10mg),Treatment of Sneezing and runny nose due to allergiesTreatment of Hay feverTreatment of Allergic skin conditions,Nausea Diarrhea Dryness in mouth Fatigue Headache Skin rash Sleepiness Vomiting,"https://onemg.gumlet.io/l_watermark_346,w_480,h_480/a_ignore,w_480,h_480,c_fit,q_auto,f_auto/kleymf7mdd82dvntjnv7.jpg",Zuventus Healthcare Ltd,54,27,19
Nukast 4 Syrup,Levocetirizine (2.5mg/5ml) + Montelukast (4mg/5ml),Treatment of Sneezing and runny nose due to allergiesTreatment of Hay feverTreatment of Allergic skin conditions,Rash Nausea Diarrhea Dryness in mouth Fatigue Headache Skin rash Sleepiness Vomiting,"https://onemg.gumlet.io/l_watermark_346,w_480,h_480/a_ignore,w_480,h_480,c_fit,q_auto,f_auto/jmfvffdaalixap0xzizw.jpg",Zuventus Healthcare Ltd,17,83,0
Odimont-LC Tablet,Levocetirizine (5mg) + Montelukast (10mg),Treatment of Sneezing and runny nose due to allergiesTreatment of Hay feverTreatment of Allergic skin conditions,Nausea Diarrhea Dryness in mouth Fatigue Headache Skin rash Sleepiness Vomiting,"https://onemg.gumlet.io/l_watermark_346,w_480,h_480/a_ignore,w_480,h_480,c_fit,q_auto,f_auto/cropped/fv7xoqayi4zergt36adu.jpg",Zydus Cadila,51,37,12
Ocid L Capsule PR,Levosulpiride (75mg) + Esomeprazole (40mg),Treatment of Gastroesophageal reflux disease (Acid reflux)Treatment of Peptic ulcer disease,Nausea Vomiting Diarrhea Constipation Upset stomach Stomach pain Headache Flatulence Sleepiness,"https://onemg.gumlet.io/l_watermark_346,w_480,h_480/a_ignore,w_480,h_480,c_fit,q_auto,f_auto/caa247ac56ab488f8c87f35808788756.jpg",Zydus Cadila,51,41,8
Odepraz 40mg Tablet,Esomeprazole (40mg),Treatment of Gastroesophageal reflux disease (Acid reflux)Treatment of Peptic ulcer diseaseTreatment of Zollinger-Ellison syndrome,Headache Dryness in mouth Nausea Abdominal pain Constipation Flatulence Diarrhea,"https://onemg.gumlet.io/l_watermark_346,w_480,h_480/a_ignore,w_480,h_480,c_fit,q_auto,f_auto/e80d847a50ce41beb93a661d473e209d.jpg",Indchemie Health Specialities Pvt Ltd,100,0,0
Odimont-LC Syrup,Levocetirizine (2.5mg/5ml) + Montelukast (4mg/5ml),Treatment of Sneezing and runny nose due to allergiesTreatment of Hay feverTreatment of Allergic skin conditions,Rash Nausea Diarrhea Dryness in mouth Fatigue Headache Skin rash Sleepiness Vomiting,"https://onemg.gumlet.io/l_watermark_346,w_480,h_480/a_ignore,w_480,h_480,c_fit,q_auto,f_auto/3ffc1d09855a4c66a07e97f34d58faea.jpg",Zydus Cadila,50,17,33
Omecip Capsule,Omeprazole (20mg),Treatment of HeartburnTreatment of Gastroesophageal reflux disease (Acid reflux)Treatment of Peptic ulcer diseaseTreatment of Zollinger-Ellison syndrome,Diarrhea Flatulence Headache Nausea Vomiting Abdominal pain,"https://onemg.gumlet.io/l_watermark_346,w_480,h_480/a_ignore,w_480,h_480,c_fit,q_auto,f_auto/nkabuqixgsbqc2cai7iu.jpg",Cipla Ltd,42,16,42
Oriel-M Tablet,Levocetirizine (5mg) + Montelukast (10mg),Treatment of Sneezing and runny nose due to allergiesTreatment of Hay feverTreatment of Allergic skin conditions,Nausea Diarrhea Dryness in mouth Fatigue Headache Skin rash Sleepiness Vomiting,"https://onemg.gumlet.io/l_watermark_346,w_480,h_480/a_ignore,w_480,h_480,c_fit,q_auto,f_auto/onenz7e5mmpz1w2zsyv3.jpg",Intas Pharmaceuticals Ltd,67,33,0
Prolomet XL 25 Tablet,Metoprolol Succinate (23.75mg),Treatment of Hypertension (high blood pressure)Treatment of Angina (heart-related chest pain)Treatment of ArrhythmiaPrevention of Heart attackPrevention of Migraine,Fatigue Headache Slow heart rate Dizziness Nausea Breathlessness Rash Diarrhea Depression,"https://onemg.gumlet.io/l_watermark_346,w_480,h_480/a_ignore,w_480,h_480,c_fit,q_auto,f_auto/cropped/nq0iuu5azfe7v0btiv76.jpg",Sun Pharmaceutical Industries Ltd,29,54,17
Prolomet XL 50 Tablet,Metoprolol Succinate (47.5mg),Treatment of Hypertension (high blood pressure)Treatment of Angina (heart-related chest pain)Treatment of ArrhythmiaPrevention of Heart attackPrevention of Migraine,Fatigue Headache Slow heart rate Dizziness Nausea Breathlessness Rash Diarrhea Depression,"https://onemg.gumlet.io/l_watermark_346,w_480,h_480/a_ignore,w_480,h_480,c_fit,q_auto,f_auto/cjqy6ficqtazvecuz8dk.jpg",Sun Pharmaceutical Industries Ltd,41,41,18
Pentaloc DSR 30mg/40mg Capsule,Domperidone (30mg) + Pantoprazole (40mg),Treatment of Gastroesophageal reflux disease (Acid reflux)Treatment of Peptic ulcer disease,Diarrhea Stomach pain Flatulence Dryness in mouth Dizziness Headache,"https://onemg.gumlet.io/l_watermark_346,w_480,h_480/a_ignore,w_480,h_480,c_fit,q_auto,f_auto/9cfdbf233c814beab13f129f128f51f3.jpg",Cadila Pharmaceuticals Ltd,58,17,25
Pan-IT Capsule SR,Pantoprazole (40mg) + Itopride (150mg), Gastroesophageal reflux disease (Acid reflux) Peptic ulcer disease,Diarrhea Stomach pain Headache Flatulence Dizziness Increased saliva production,"https://onemg.gumlet.io/l_watermark_346,w_480,h_480/a_ignore,w_480,h_480,c_fit,q_auto,f_auto/cropped/vt3dbptbb8f11p8sosjm.jpg",Alkem Laboratories Ltd,67,33,0
Pantop IT Capsule SR,Pantoprazole (40mg) + Itopride (150mg), Gastroesophageal reflux disease (Acid reflux) Peptic ulcer disease,Diarrhea Stomach pain Headache Flatulence Dizziness Increased saliva production,"https://onemg.gumlet.io/l_watermark_346,w_480,h_480/a_ignore,w_480,h_480,c_fit,q_auto,f_auto/cropped/vez218rqnptj1amzxuk5.jpg",Aristo Pharmaceuticals Pvt Ltd,50,25,25
Pantin 40mg Tablet,Pantoprazole (40mg),Treatment of HeartburnTreatment of Gastroesophageal reflux disease (Acid reflux)Treatment of Peptic ulcer diseaseTreatment of Zollinger-Ellison syndrome,Diarrhea Flatulence Headache Nausea Stomach pain Vomiting Dizziness Upper respiratory tract infection,"https://onemg.gumlet.io/l_watermark_346,w_480,h_480/a_ignore,w_480,h_480,c_fit,q_auto,f_auto/cfa27195daad43cbb01d3faae75ce374.jpg",Hetero Drugs Ltd,67,33,0
Protochek DSR Capsule,Domperidone (30mg) + Pantoprazole (40mg),Treatment of Gastroesophageal reflux disease (Acid reflux)Treatment of Peptic ulcer disease,Diarrhea Stomach pain Flatulence Dryness in mouth Dizziness Headache,"https://onemg.gumlet.io/l_watermark_346,w_480,h_480/a_ignore,w_480,h_480,c_fit,q_auto,f_auto/dd42742cd57748b2be222b48bcb88057.jpg",Ipca Laboratories Ltd,47,53,0
P2I Tablet,Pantoprazole (40mg),Treatment of HeartburnTreatment of Gastroesophageal reflux disease (Acid reflux)Treatment of Peptic ulcer diseaseTreatment of Zollinger-Ellison syndrome,Diarrhea Flatulence Headache Nausea Stomach pain Vomiting Dizziness Upper respiratory tract infection,"https://onemg.gumlet.io/l_watermark_346,w_480,h_480/a_ignore,w_480,h_480,c_fit,q_auto,f_auto/cropped/bnts4qigx1zba0j8zmsr.jpg",Lupin Ltd,100,0,0
Prelid 8mg Tablet,Methylprednisolone (8mg),Treatment of Rheumatic disorderTreatment of Systemic lupus erythematosus (SLE)Treatment of Allergic conditionsTreatment of Eye disordersTreatment of Skin disorders,Thinning of skin Increased risk of infection Reduction in bone density Weight gain Mood changes Upset stomach Behavioral changes,"https://onemg.gumlet.io/l_watermark_346,w_480,h_480/a_ignore,w_480,h_480,c_fit,q_auto,f_auto/667cbc6995b541769b054863154c4537.jpg",Glowderma Labs Pvt Ltd,100,0,0
Primodil 5 Tablet,Amlodipine (5mg),Treatment of Hypertension (high blood pressure)Prevention of Angina (heart-related chest pain),Headache Fatigue Nausea Abdominal pain Sleepiness,"https://onemg.gumlet.io/l_watermark_346,w_480,h_480/a_ignore,w_480,h_480,c_fit,q_auto,f_auto/cropped/sl3qoaeashyjmxbkzhcw.jpg",Medley Pharmaceuticals,67,33,0
Protera-I Capsule SR,Pantoprazole (40mg) + Itopride (150mg), Gastroesophageal reflux disease (Acid reflux) Peptic ulcer disease,Diarrhea Stomach pain Headache Flatulence Dizziness Increased saliva production,"https://onemg.gumlet.io/l_watermark_346,w_480,h_480/a_ignore,w_480,h_480,c_fit,q_auto,f_auto/cropped/r2hps1rgqwgmjyhwtrwx.jpg",Lupin Ltd,42,58,0
Pancicare-D Capsule PR,Domperidone (30mg) + Pantoprazole (40mg),Treatment of Gastroesophageal reflux disease (Acid reflux)Treatment of Peptic ulcer disease,Diarrhea Stomach pain Flatulence Dryness in mouth Dizziness Headache,"https://onemg.gumlet.io/l_watermark_346,w_480,h_480/a_ignore,w_480,h_480,c_fit,q_auto,f_auto/ztl6z4namhkryp2lb7zf.jpg",Hegde and Hegde Pharmaceutical LLP,50,17,33
Protol  -XL 50 Tablet,Metoprolol Succinate (47.5mg),Treatment of Hypertension (high blood pressure)Treatment of Angina (heart-related chest pain)Treatment of ArrhythmiaPrevention of Heart attackPrevention of Migraine,Fatigue Headache Slow heart rate Dizziness Nausea Breathlessness Rash Diarrhea Depression,"https://onemg.gumlet.io/l_watermark_346,w_480,h_480/a_ignore,w_480,h_480,c_fit,q_auto,f_auto/fb5d33c2cec94182aaa43aff51f111ac.jpg",Eris Lifesciences Ltd,83,17,0
Protol-XL 25 Tablet,Metoprolol Succinate (23.75mg),Treatment of Hypertension (high blood pressure)Treatment of Angina (heart-related chest pain)Treatment of ArrhythmiaPrevention of Heart attackPrevention of Migraine,Fatigue Headache Slow heart rate Dizziness Nausea Breathlessness Rash Diarrhea Depression,"https://onemg.gumlet.io/l_watermark_346,w_480,h_480/a_ignore,w_480,h_480,c_fit,q_auto,f_auto/cropped/elb6vve1bgp8rie2xkwq.jpg",Eris Lifesciences Ltd,100,0,0
Pantodac-IT Capsule SR,Pantoprazole (40mg) + Itopride (150mg), Gastroesophageal reflux disease (Acid reflux) Peptic ulcer disease,Diarrhea Stomach pain Headache Flatulence Dizziness Increased saliva production,"https://onemg.gumlet.io/l_watermark_346,w_480,h_480/a_ignore,w_480,h_480,c_fit,q_auto,f_auto/54dbfc710daa4be5ab909339694d3c89.jpg",Zydus Cadila,44,56,0
Pantin 40mg Injection,Pantoprazole (40mg),Treatment of Gastroesophageal reflux disease (Acid reflux)Treatment of Peptic ulcer diseaseTreatment of Zollinger-Ellison syndrome,Diarrhea Flatulence Headache Joint pain Nausea Stomach pain Vomiting Dizziness Thrombophlebitis,"https://onemg.gumlet.io/l_watermark_346,w_480,h_480/a_ignore,w_480,h_480,c_fit,q_auto,f_auto/c163907c7e534db2823d026e5f218678.jpg",Hetero Drugs Ltd,50,50,0
Pansec 40mg Injection,Pantoprazole (40mg),Treatment of Gastroesophageal reflux disease (Acid reflux)Treatment of Peptic ulcer diseaseTreatment of Zollinger-Ellison syndrome,Diarrhea Flatulence Headache Joint pain Nausea Stomach pain Vomiting Dizziness Thrombophlebitis,"https://onemg.gumlet.io/l_watermark_346,w_480,h_480/a_ignore,w_480,h_480,c_fit,q_auto,f_auto/hxxfixkbsshy6bakeuig.jpg",Cipla Ltd,67,33,0
Relikast LC 5mg/10mg Tablet,Levocetirizine (5mg) + Montelukast (10mg),Treatment of Sneezing and runny nose due to allergiesTreatment of Hay feverTreatment of Allergic skin conditions,Nausea Diarrhea Dryness in mouth Fatigue Headache Skin rash Sleepiness Vomiting,"https://onemg.gumlet.io/l_watermark_346,w_480,h_480/a_ignore,w_480,h_480,c_fit,q_auto,f_auto/e5831688877949c9b478d02c5a9586a7.jpg",Leeford Healthcare Ltd,40,33,27
Romilast L 10 Tablet,Levocetirizine (5mg) + Montelukast (10mg),Treatment of Sneezing and runny nose due to allergiesTreatment of Hay feverTreatment of Allergic skin conditions,Nausea Diarrhea Dryness in mouth Fatigue Headache Skin rash Sleepiness Vomiting,"https://onemg.gumlet.io/l_watermark_346,w_480,h_480/a_ignore,w_480,h_480,c_fit,q_auto,f_auto/cropped/es0ocs2zswiyivbsjupw.jpg",RPG Life Sciences Ltd,62,34,4
Romilast L 5 Tablet,Levocetirizine (2.5mg) + Montelukast (5mg),Treatment of Sneezing and runny nose due to allergiesTreatment of Hay feverTreatment of Allergic skin conditions,Rash Nausea Diarrhea Dryness in mouth Fatigue Headache Skin rash Sleepiness Vomiting,"https://onemg.gumlet.io/l_watermark_346,w_480,h_480/a_ignore,w_480,h_480,c_fit,q_auto,f_auto/cropped/wpd48oxjztruxit41vls.jpg",RPG Life Sciences Ltd,100,0,0
Rinosolvin 10/5 Tablet,Levocetirizine (5mg) + Montelukast (10mg),Treatment of Sneezing and runny nose due to allergiesTreatment of Hay feverTreatment of Allergic skin conditions,Nausea Diarrhea Dryness in mouth Fatigue Headache Skin rash Sleepiness Vomiting,"https://onemg.gumlet.io/l_watermark_346,w_480,h_480/a_ignore,w_480,h_480,c_fit,q_auto,f_auto/kyj8ur8uyttspxoxz5ny.jpg",Ipca Laboratories Ltd,37,30,33
Rabeloc Plus Capsule SR,Levosulpiride (75mg) + Rabeprazole (20mg),Treatment of Gastroesophageal reflux disease (Acid reflux)Treatment of Intestinal ulcersTreatment of Irritable bowel syndrome,Nausea Stomach pain Diarrhea Flatulence Constipation Headache Dizziness Weakness Sleepiness Flu like symptoms,"https://onemg.gumlet.io/l_watermark_346,w_480,h_480/a_ignore,w_480,h_480,c_fit,q_auto,f_auto/cropped/jw87r9nnier8ta8hdewh.jpg",Cadila Pharmaceuticals Ltd,44,56,0
Rabidoc 20 Tablet,Rabeprazole (20mg),Treatment of Gastroesophageal reflux disease (Acid reflux)Treatment of Peptic ulcer diseaseTreatment of Zollinger-Ellison syndrome,Diarrhea Dizziness Flatulence Headache Nausea Sore throat Stomach pain Vomiting,"https://onemg.gumlet.io/l_watermark_346,w_480,h_480/a_ignore,w_480,h_480,c_fit,q_auto,f_auto/e6be696e70ec4df3a96c8b4505b1242e.jpg",Morepen Laboratories Ltd,67,33,0
Rablet 10 Tablet,Rabeprazole (10mg),Treatment of Gastroesophageal reflux disease (Acid reflux)Treatment of Peptic ulcer diseaseTreatment of Zollinger-Ellison syndrome,Diarrhea Dizziness Flatulence Headache Nausea Sore throat Stomach pain Vomiting,"https://onemg.gumlet.io/l_watermark_346,w_480,h_480/a_ignore,w_480,h_480,c_fit,q_auto,f_auto/beymnlnexliltphppb4h.jpg",Lupin Ltd,100,0,0
Rem CC LM 5 mg/10 mg Tablet,Levocetirizine (5mg) + Montelukast (10mg),Treatment of Sneezing and runny nose due to allergiesTreatment of Hay feverTreatment of Allergic skin conditions,Nausea Diarrhea Dryness in mouth Fatigue Headache Skin rash Sleepiness Vomiting,"https://onemg.gumlet.io/l_watermark_346,w_480,h_480/a_ignore,w_480,h_480,c_fit,q_auto,f_auto/54ca94e104af44328ecf0edb8f0bce16.jpg",Karnataka Antibiotics & Pharmaceuticals Ltd,73,7,20
Romilast L Syrup,Levocetirizine (2.5mg/5ml) + Montelukast (4mg/5ml),Treatment of Sneezing and runny nose due to allergiesTreatment of Hay feverTreatment of Allergic skin conditions,Rash Nausea Diarrhea Dryness in mouth Fatigue Headache Skin rash Sleepiness Vomiting,"https://onemg.gumlet.io/l_watermark_346,w_480,h_480/a_ignore,w_480,h_480,c_fit,q_auto,f_auto/40632e82276f454fb10c90a1c44d2dcc.jpg",RPG Life Sciences Ltd,100,0,0
Rabalkem IT 20mg/150mg Capsule,Rabeprazole (20mg) + Itopride (150mg), Gastroesophageal reflux disease (Acid reflux) Peptic ulcer disease,Stomach pain Diarrhea Constipation Headache Dizziness Flatulence Weakness Flu like symptoms Increased saliva production,"https://onemg.gumlet.io/l_watermark_346,w_480,h_480/a_ignore,w_480,h_480,c_fit,q_auto,f_auto/giofa9rjr59oblx2pqws.jpg",Alkem Laboratories Ltd,83,17,0
Raptac-DSR Capsule,Domperidone (30mg) + Rabeprazole (20mg),Treatment of Gastroesophageal reflux disease (Acid reflux)Treatment of Peptic ulcer disease,Diarrhea Stomach pain Dryness in mouth Headache Dizziness Flatulence Weakness Flu like symptoms,"https://onemg.gumlet.io/l_watermark_346,w_480,h_480/a_ignore,w_480,h_480,c_fit,q_auto,f_auto/cropped/hh5lcwsjkr15jmg9tmzr.jpg",Rapross Pharmaceuticals Pvt Ltd,56,44,0
Razo IV Injection,Rabeprazole (20mg), Gastroesophageal reflux disease (Acid reflux)Treatment of Peptic ulcer disease,Nausea Vomiting Headache Dizziness Flatulence Diarrhea Stomach pain Thrombophlebitis,"https://onemg.gumlet.io/l_watermark_346,w_480,h_480/a_ignore,w_480,h_480,c_fit,q_auto,f_auto/97deb08a805249e092bd17cc4e27568b.jpg",Dr Reddy's Laboratories Ltd,44,34,22
Rabonik 40 Plus Capsule SR,Levosulpiride (75mg) + Rabeprazole (40mg),Treatment of Gastroesophageal reflux disease (Acid reflux)Treatment of Intestinal ulcersTreatment of Irritable bowel syndrome,Nausea Stomach pain Diarrhea Flatulence Constipation Headache Dizziness Weakness Sleepiness Flu like symptoms,"https://onemg.gumlet.io/l_watermark_346,w_480,h_480/a_ignore,w_480,h_480,c_fit,q_auto,f_auto/cropped/jf7kldxa72fpkev94tij.jpg",Eris Lifesciences Ltd,71,29,0
Rabonik 40 Tablet,Rabeprazole (40mg),Treatment of Gastroesophageal reflux disease (Acid reflux)Treatment of Peptic ulcer diseaseTreatment of Zollinger-Ellison syndrome,Diarrhea Dizziness Flatulence Headache Nausea Sore throat Stomach pain Vomiting,"https://onemg.gumlet.io/l_watermark_346,w_480,h_480/a_ignore,w_480,h_480,c_fit,q_auto,f_auto/cropped/fagpcbkgekrtxd4e6x3s.jpg",Eris Lifesciences Ltd,100,0,0
Respicure-M Tablet,Levocetirizine (5mg) + Montelukast (10mg),Treatment of Sneezing and runny nose due to allergiesTreatment of Hay feverTreatment of Allergic skin conditions,Nausea Diarrhea Dryness in mouth Fatigue Headache Skin rash Sleepiness Vomiting,"https://onemg.gumlet.io/l_watermark_346,w_480,h_480/a_ignore,w_480,h_480,c_fit,q_auto,f_auto/dmht2n9b10rjvewl5vap.jpg",Corona Remedies Pvt Ltd,44,23,33
Ronycold-M Tablet,Levocetirizine (5mg) + Montelukast (10mg),Treatment of Sneezing and runny nose due to allergiesTreatment of Hay feverTreatment of Allergic skin conditions,Nausea Diarrhea Dryness in mouth Fatigue Headache Skin rash Sleepiness Vomiting,"https://onemg.gumlet.io/l_watermark_346,w_480,h_480/a_ignore,w_480,h_480,c_fit,q_auto,f_auto/af309e9748db4c99b6f73bbca31b22b8.jpg",Ronyd Healthcare Pvt Ltd,0,0,100
Rabetero-L Capsule SR,Levosulpiride (75mg) + Rabeprazole (20mg),Treatment of Gastroesophageal reflux disease (Acid reflux)Treatment of Intestinal ulcersTreatment of Irritable bowel syndrome,Nausea Stomach pain Diarrhea Flatulence Constipation Headache Dizziness Weakness Sleepiness Flu like symptoms,"https://onemg.gumlet.io/l_watermark_346,w_480,h_480/a_ignore,w_480,h_480,c_fit,q_auto,f_auto/nwswcd2kf2e827h6kdg1.jpg",Hetero Drugs Ltd,67,33,0
Recofast LM Tablet,Levocetirizine (5mg) + Montelukast (10mg),Treatment of Sneezing and runny nose due to allergiesTreatment of Hay feverTreatment of Allergic skin conditions,Nausea Diarrhea Dryness in mouth Fatigue Headache Skin rash Sleepiness Vomiting,"https://onemg.gumlet.io/l_watermark_346,w_480,h_480/a_ignore,w_480,h_480,c_fit,q_auto,f_auto/cropped/ydtaltjx8b4lflpwx3ad.jpg",Shreya Life Sciences Pvt Ltd,100,0,0
Rabe-Max DSR Capsule,Domperidone (30mg) + Rabeprazole (20mg),Treatment of Gastroesophageal reflux disease (Acid reflux)Treatment of Peptic ulcer disease,Diarrhea Stomach pain Dryness in mouth Headache Dizziness Flatulence Weakness Flu like symptoms,"https://onemg.gumlet.io/l_watermark_346,w_480,h_480/a_ignore,w_480,h_480,c_fit,q_auto,f_auto/d9umgkhp1a1ogg9q0zpc.jpg",Tidal Laboratories Pvt Ltd,67,33,0
Sompraz 20 Tablet,Esomeprazole (20mg),Treatment of Gastroesophageal reflux disease (Acid reflux)Treatment of Peptic ulcer diseaseTreatment of Zollinger-Ellison syndrome,Headache Dryness in mouth Nausea Abdominal pain Constipation Flatulence Diarrhea,"https://onemg.gumlet.io/l_watermark_346,w_480,h_480/a_ignore,w_480,h_480,c_fit,q_auto,f_auto/cropped/rggeclrspw8inqrphrek.jpg",Sun Pharmaceutical Industries Ltd,51,44,5
Supermet XL 50 Tablet,Metoprolol Succinate (47.5mg),Treatment of Hypertension (high blood pressure)Treatment of Angina (heart-related chest pain)Treatment of ArrhythmiaPrevention of Heart attackPrevention of Migraine,Fatigue Headache Slow heart rate Dizziness Nausea Breathlessness Rash Diarrhea Depression,"https://onemg.gumlet.io/l_watermark_346,w_480,h_480/a_ignore,w_480,h_480,c_fit,q_auto,f_auto/cropped/jys4lsk8qeuwoxaeasx1.jpg",Abbott,55,36,9
Solitair Tablet,Levocetirizine (5mg) + Montelukast (10mg),Treatment of Sneezing and runny nose due to allergiesTreatment of Hay feverTreatment of Allergic skin conditions,Nausea Diarrhea Dryness in mouth Fatigue Headache Skin rash Sleepiness Vomiting,"https://onemg.gumlet.io/l_watermark_346,w_480,h_480/a_ignore,w_480,h_480,c_fit,q_auto,f_auto/try6fidnum2pwb6y8ruw.jpg",Blue Cross Laboratories Ltd,44,49,7
Supermet XL 25 Tablet,Metoprolol Succinate (23.75mg),Treatment of Hypertension (high blood pressure)Treatment of Angina (heart-related chest pain)Treatment of ArrhythmiaPrevention of Heart attackPrevention of Migraine,Fatigue Headache Slow heart rate Dizziness Nausea Breathlessness Rash Diarrhea Depression,"https://onemg.gumlet.io/l_watermark_346,w_480,h_480/a_ignore,w_480,h_480,c_fit,q_auto,f_auto/dc7ae26a76ba479b9f2afbc27616ffc1.jpg",Abbott,83,17,0
Superia L Capsule SR,Levosulpiride (75mg) + Rabeprazole (20mg),Treatment of Gastroesophageal reflux disease (Acid reflux)Treatment of Intestinal ulcersTreatment of Irritable bowel syndrome,Nausea Stomach pain Diarrhea Flatulence Constipation Headache Dizziness Weakness Sleepiness Flu like symptoms,"https://onemg.gumlet.io/l_watermark_346,w_480,h_480/a_ignore,w_480,h_480,c_fit,q_auto,f_auto/cropped/bkkdupeibtdovfepa8k5.jpg",Sun Pharmaceutical Industries Ltd,50,30,20
Seloken XL 100mg Tablet,Metoprolol Succinate (95mg),Treatment of Hypertension (high blood pressure)Treatment of Angina (heart-related chest pain)Treatment of ArrhythmiaPrevention of Heart attackPrevention of Migraine,Fatigue Headache Slow heart rate Dizziness Nausea Breathlessness Rash Diarrhea Depression,"https://onemg.gumlet.io/l_watermark_346,w_480,h_480/a_ignore,w_480,h_480,c_fit,q_auto,f_auto/c2811a181eb64946ae160be7bc919aec.jpg",AstraZeneca,61,22,17
Starcad-Beta 50 Tablet ER,S-Metoprolol Succinate (47.5mg),Treatment of Hypertension (high blood pressure)Treatment of Angina (heart-related chest pain)Treatment of ArrhythmiaPrevention of Heart attackPrevention of StrokePrevention of Migraine,Fatigue Slow heart rate Constipation Diarrhea Dizziness Cold extremities,"https://onemg.gumlet.io/l_watermark_346,w_480,h_480/a_ignore,w_480,h_480,c_fit,q_auto,f_auto/cropped/htlebvd5dcgbtbj4emcy.jpg",Lupin Ltd,44,17,39
S-Amlosafe 2.5 Tablet,S-Amlodipine (2.5mg),Treatment of Hypertension (high blood pressure)Prevention of Angina (heart-related chest pain)Prevention of Heart attackPrevention of Stroke,Ankle swelling Dizziness Fatigue Flushing sense of warmth in the face ears neck and trunk Headache Palpitations Abdominal pain Muscle cramp Nausea Sleepiness Visual disturbance Dyspepsia Breathlessness Change in bowel habits,"https://onemg.gumlet.io/l_watermark_346,w_480,h_480/a_ignore,w_480,h_480,c_fit,q_auto,f_auto/cropped/lq6oduof3zwjjglpws9y.jpg",Aristo Pharmaceuticals Pvt Ltd,67,33,0
Sustameto 50 Tablet ER,Metoprolol Succinate (47.5mg),Treatment of Hypertension (high blood pressure)Treatment of Angina (heart-related chest pain)Treatment of ArrhythmiaPrevention of Heart attackPrevention of Migraine,Fatigue Headache Slow heart rate Dizziness Nausea Breathlessness Rash Diarrhea Depression,"https://onemg.gumlet.io/l_watermark_346,w_480,h_480/a_ignore,w_480,h_480,c_fit,q_auto,f_auto/cropped/pqllzml3e6ivzghaw0tt.jpg",Zydus Cadila,42,58,0
S-Amcard 5 Tablet,S-Amlodipine (5mg),Treatment of Hypertension (high blood pressure)Prevention of Angina (heart-related chest pain)Prevention of Heart attackPrevention of Stroke,Ankle swelling Dizziness Fatigue Flushing sense of warmth in the face ears neck and trunk Headache Palpitations Abdominal pain Muscle cramp Nausea Sleepiness Visual disturbance Dyspepsia Breathlessness Change in bowel habits,"https://onemg.gumlet.io/l_watermark_346,w_480,h_480/a_ignore,w_480,h_480,c_fit,q_auto,f_auto/cropped/bomfn8i33vyi9ojqboxs.jpg",Systopic Laboratories Pvt Ltd,42,16,42
Sonirab-D Tablet,Domperidone (10mg) + Rabeprazole (20mg),Treatment of Gastroesophageal reflux disease (Acid reflux)Treatment of Peptic ulcer disease,Diarrhea Stomach pain Dryness in mouth Headache Dizziness Flatulence Weakness Flu like symptoms,"https://onemg.gumlet.io/l_watermark_346,w_480,h_480/a_ignore,w_480,h_480,c_fit,q_auto,f_auto/cropped/bfou6t4f20yndcjvtdlx.jpg",Ronyd Healthcare Pvt Ltd,67,33,0
StayHappi Chlorzoxazone+Diclofenac+Paracetamol 500mg/50mg/325mg Tablet,Chlorzoxazone (500mg) + Diclofenac (50mg) + Paracetamol (325mg),Treatment of Pain due to muscle spasm,Nausea Vomiting Heartburn Stomach pain Diarrhea Loss of appetite Dryness in mouth,"https://onemg.gumlet.io/l_watermark_346,w_480,h_480/a_ignore,w_480,h_480,c_fit,q_auto,f_auto/fq9luswdhkx1kxcpf860.jpg",Sarvagunaushdhi Pvt Ltd,100,0,0
StayHappi Diclofenac+Paracetamol 50mg/325mg Tablet,Diclofenac (50mg) + Paracetamol (325mg), Pain relief,Nausea Vomiting Stomach pain epigastric pain Heartburn Diarrhea Loss of appetite,"https://onemg.gumlet.io/l_watermark_346,w_480,h_480/a_ignore,w_480,h_480,c_fit,q_auto,f_auto/mew2rpmzmk49l84getwq.jpg",Sarvagunaushdhi Pvt Ltd,67,33,0
Telekast-L Tablet,Levocetirizine (5mg) + Montelukast (10mg),Treatment of Sneezing and runny nose due to allergiesTreatment of Hay feverTreatment of Allergic skin conditions,Nausea Diarrhea Dryness in mouth Fatigue Headache Skin rash Sleepiness Vomiting,"https://onemg.gumlet.io/l_watermark_346,w_480,h_480/a_ignore,w_480,h_480,c_fit,q_auto,f_auto/52802a2362764037a23a802c2d9b4afc.jpg",Lupin Ltd,35,43,22
Telekast-L Kid Syrup,Levocetirizine (2.5mg/5ml) + Montelukast (4mg/5ml),Treatment of Sneezing and runny nose due to allergiesTreatment of Hay feverTreatment of Allergic skin conditions,Rash Nausea Diarrhea Dryness in mouth Fatigue Headache Skin rash Sleepiness Vomiting,"https://onemg.gumlet.io/l_watermark_346,w_480,h_480/a_ignore,w_480,h_480,c_fit,q_auto,f_auto/cropped/ycljnp5inb6gfqv30mvz.jpg",Lupin Ltd,22,61,17
Teczine M Tablet,Levocetirizine (5mg) + Montelukast (10mg),Treatment of Sneezing and runny nose due to allergiesTreatment of Hay feverTreatment of Allergic skin conditions,Nausea Diarrhea Dryness in mouth Fatigue Headache Skin rash Sleepiness Vomiting,"https://onemg.gumlet.io/l_watermark_346,w_480,h_480/a_ignore,w_480,h_480,c_fit,q_auto,f_auto/cropped/x1zngjoerimii9niwjmf.jpg",Sun Pharmaceutical Industries Ltd,38,45,17
Telekast-L Kid Tablet,Levocetirizine (2.5mg) + Montelukast (4mg),Treatment of Sneezing and runny nose due to allergiesTreatment of Hay feverTreatment of Allergic skin conditions,Rash Nausea Diarrhea Dryness in mouth Fatigue Headache Skin rash Sleepiness Vomiting,"https://onemg.gumlet.io/l_watermark_346,w_480,h_480/a_ignore,w_480,h_480,c_fit,q_auto,f_auto/cropped/hj6utagndzmoikolrspf.jpg",Lupin Ltd,67,33,0
Topinate Solution,Clobetasol (0.05% w/v),Treatment of Allergic skin conditions,Skin atrophy Telangiectasia Skin irritation Dry skin,"https://onemg.gumlet.io/l_watermark_346,w_480,h_480/a_ignore,w_480,h_480,c_fit,q_auto,f_auto/cropped/mjo5mla2e8logf345lul.jpg",Systopic Laboratories Pvt Ltd,50,50,0
Twincal 10 Tablet,Cilnidipine (10mg),Treatment of Hypertension (high blood pressure)Prevention of Angina (heart-related chest pain)Prevention of Heart attackPrevention of Stroke,Fatigue Sleepiness Flushing sense of warmth in the face ears neck and trunk Headache Nausea Dizziness Palpitations Edema swelling Abdominal pain Rash Muscle pain Eye pain Tremors Decreased blood pressure Itching,"https://onemg.gumlet.io/l_watermark_346,w_480,h_480/a_ignore,w_480,h_480,c_fit,q_auto,f_auto/cropped/a4b8cswp1dilfdxqlotb.jpg",Zydus Cadila,78,5,17
Twincal 20 Tablet,Cilnidipine (20mg),Treatment of Hypertension (high blood pressure)Prevention of Angina (heart-related chest pain)Prevention of Heart attackPrevention of Stroke,Fatigue Sleepiness Flushing sense of warmth in the face ears neck and trunk Headache Nausea Dizziness Palpitations Edema swelling Abdominal pain Rash Muscle pain Eye pain Tremors Decreased blood pressure Itching,"https://onemg.gumlet.io/l_watermark_346,w_480,h_480/a_ignore,w_480,h_480,c_fit,q_auto,f_auto/tuce6xyh5rtx06kirzed.jpg",Zydus Cadila,50,50,0
Twinblok  5mg Tablet,Cilnidipine (5mg),Treatment of Hypertension (high blood pressure)Prevention of Angina (heart-related chest pain)Prevention of Heart attackPrevention of Stroke,Fatigue Sleepiness Flushing sense of warmth in the face ears neck and trunk Headache Nausea Dizziness Palpitations Edema swelling Abdominal pain Rash Muscle pain Eye pain Tremors Decreased blood pressure Itching,"https://onemg.gumlet.io/l_watermark_346,w_480,h_480/a_ignore,w_480,h_480,c_fit,q_auto,f_auto/33ca756bee3e467a830c6a2112448f4d.jpg",Aprica Pharmaceuticals Pvt Ltd,100,0,0
Vitamin A Chewable Tablet,Vitamin A (50000IU),Treatment of Vitamin A deficiency,No common side effects seen,"https://onemg.gumlet.io/l_watermark_346,w_480,h_480/a_ignore,w_480,h_480,c_fit,q_auto,f_auto/cropped/r1fipcpbmubocmcnr1f4.jpg",Abbott,49,36,15
Vitamin C Injection,Vitamin C (150mg), Vitamin C deficiency,Injection site reactions pain swelling redness,"https://onemg.gumlet.io/l_watermark_346,w_480,h_480/a_ignore,w_480,h_480,c_fit,q_auto,f_auto/9a5f2c810e964b4491d7fd9d1dd004ed.jpg",Mankind Pharma Ltd,35,32,33
Vitaresp FX Suspension,Montelukast (4mg/5ml) + Fexofenadine (60mg/5ml),Treatment of Hay feverTreatment of Allergic skin conditionsTreatment of Sneezing and runny nose due to allergies,Nausea Vomiting Diarrhea Dizziness Headache Body ache Skin rash,"https://onemg.gumlet.io/l_watermark_346,w_480,h_480/a_ignore,w_480,h_480,c_fit,q_auto,f_auto/338d0aab-1ca6-40d1-acec-efff158dd738.jpeg",Alembic Pharmaceuticals Ltd,33,50,17
Wokride-D Capsule SR,Domperidone (30mg) + Rabeprazole (20mg),Treatment of Gastroesophageal reflux disease (Acid reflux)Treatment of Peptic ulcer disease,Diarrhea Stomach pain Dryness in mouth Headache Dizziness Flatulence Weakness Flu like symptoms,"https://onemg.gumlet.io/l_watermark_346,w_480,h_480/a_ignore,w_480,h_480,c_fit,q_auto,f_auto/t7wdlk2jacy5hnhlwqzr.jpg",Dr Reddy's Laboratories Ltd,50,39,11
Wincit M 5mg/10mg Tablet,Levocetirizine (5mg) + Montelukast (10mg),Treatment of Sneezing and runny nose due to allergiesTreatment of Hay feverTreatment of Allergic skin conditions,Nausea Diarrhea Dryness in mouth Fatigue Headache Skin rash Sleepiness Vomiting,"https://onemg.gumlet.io/l_watermark_346,w_480,h_480/a_ignore,w_480,h_480,c_fit,q_auto,f_auto/w60olxp7prvs39bsxtuf.jpg",Syswin Pharmaceuticals Pvt Ltd,33,34,33
