Medicine Name,Composition,Uses,Side_effects,Image URL,Manufacturer,Excellent Review %,Average Review %,Poor Review %,Category,Requires Prescription,Is OTC,Symptom Keywords,Recommendation Note
Paracetamol 500mg,Paracetamol 500mg,Demam; nyeri ringan; sakit kepala; nyeri otot,Mual; ruam alergi jarang; gangguan hati bila overdosis,,Generic,80,15,5,Nyeri & Demam,false,true,demam; panas; sakit kepala; pusing; nyeri badan; pegal,Gunakan sesuai aturan pakai. Hindari penggunaan berlebih dan hati-hati pada gangguan hati.
Ibuprofen 200mg,Ibuprofen 200mg,Nyeri ringan sampai sedang; demam; nyeri haid,Nyeri lambung; mual; pusing; risiko iritasi lambung,,Generic,80,15,5,Nyeri & Demam,false,true,nyeri; sakit gigi; sakit kepala; nyeri haid; demam; pegal,"Hindari bila punya riwayat maag berat, gangguan ginjal, atau alergi NSAID."
Aspirin 80mg,Acetylsalicylic Acid 80mg,Nyeri ringan; demam; penggunaan tertentu sesuai anjuran tenaga kesehatan,Iritasi lambung; perdarahan; alergi,,Generic,80,15,5,Nyeri & Demam,false,true,nyeri; demam; sakit kepala,Tidak dianjurkan untuk anak dan pasien risiko perdarahan tanpa arahan tenaga kesehatan.
Sanmol Tablet,Paracetamol 500mg,Demam; sakit kepala; nyeri ringan,Mual; alergi jarang,,Sanbe Farma,80,15,5,Nyeri & Demam,false,true,demam; panas; sakit kepala; nyeri ringan,Ikuti aturan pakai pada kemasan.
Panadol Biru,Paracetamol 500mg,Demam; sakit kepala; nyeri ringan,Mual; reaksi alergi jarang,,GSK,80,15,5,Nyeri & Demam,false,true,demam; panas; sakit kepala; nyeri badan,Jangan digabung dengan obat lain yang juga mengandung paracetamol.
Bodrex Tablet,Paracetamol; Caffeine,Sakit kepala; nyeri ringan,Jantung berdebar; sulit tidur karena kafein; mual,,Tempo Scan,80,15,5,Nyeri & Demam,false,true,sakit kepala; pusing; nyeri ringan,Hindari diminum dekat waktu tidur karena mengandung kafein.
Bodrex Migra,Paracetamol; Propyphenazone; Caffeine,Sakit kepala; migrain ringan,Mual; berdebar; alergi,,Tempo Scan,80,15,5,Nyeri & Demam,false,true,migrain; sakit kepala sebelah; pusing,"Bila migrain berat/berulang, konsultasikan ke dokter."
Neuralgin RX,Metampyrone; Thiamine; Pyridoxine; Cyanocobalamin,Nyeri saraf; nyeri otot; pegal,Mual; alergi; mengantuk pada sebagian orang,,Kalbe,80,15,5,Nyeri & Demam,false,true,nyeri saraf; pegal; kesemutan; nyeri otot,"Gunakan untuk keluhan ringan. Bila nyeri menetap, periksa ke dokter."
Oskadon,Paracetamol; Caffeine,Sakit kepala; nyeri ringan,Berdebar; sulit tidur; mual,,Supra Ferbindo,80,15,5,Nyeri & Demam,false,true,sakit kepala; pusing; nyeri ringan,Perhatikan kandungan kafein.
Dumin Tablet,Paracetamol 500mg,Demam; nyeri ringan,Mual; ruam alergi jarang,,Actavis,80,15,5,Nyeri & Demam,false,true,demam; panas; sakit kepala; nyeri,Gunakan sesuai dosis pada kemasan.
OBH Combi Batuk Berdahak,Succus liquiritiae; Ammonium chloride; Ephedrine HCl,Batuk berdahak; membantu mengencerkan dahak,Mengantuk; mual; berdebar pada sebagian orang,,Combiphar,80,15,5,Obat Batuk,false,true,batuk berdahak; dahak; tenggorokan berlendir,Hindari bila ada sesak berat atau batuk lebih dari 3 hari disertai demam tinggi.
OBH Combi Batuk Flu,Paracetamol; Ephedrine HCl; Chlorpheniramine; Succus liquiritiae,Batuk disertai flu; demam; pilek,Mengantuk; mulut kering; berdebar,,Combiphar,80,15,5,Obat Batuk,false,true,batuk; flu; pilek; hidung tersumbat; demam,Dapat menyebabkan mengantuk. Jangan mengemudi setelah minum.
Woods Peppermint Expectorant,Bromhexine HCl; Guaifenesin,Batuk berdahak,Mual; pusing; gangguan lambung ringan,,Kalbe,80,15,5,Obat Batuk,false,true,batuk berdahak; dahak kental; batuk produktif,Minum air cukup untuk membantu pengeluaran dahak.
Woods Antitussive,Dextromethorphan HBr; Diphenhydramine HCl,Batuk kering; batuk tidak berdahak,Mengantuk; mulut kering; pusing,,Kalbe,80,15,5,Obat Batuk,false,true,batuk kering; batuk gatal; batuk tidak berdahak,Dapat menyebabkan mengantuk.
Komix Herbal,Ekstrak herbal; madu,Batuk ringan; tenggorokan tidak nyaman,Alergi pada bahan herbal jarang,,Bintang Toedjoe,80,15,5,Obat Batuk,false,true,batuk ringan; tenggorokan gatal; serak,"Cocok untuk batuk ringan. Bila batuk lama, periksa ke dokter."
Laserin Sirup,Herbal extract,Batuk; membantu melegakan tenggorokan,Alergi bahan herbal jarang,,Mecosin,80,15,5,Obat Batuk,false,true,batuk; tenggorokan gatal; batuk ringan,Gunakan sesuai aturan pakai.
Siladex Mucolytic Expectorant,Bromhexine; Guaifenesin,Batuk berdahak,Mual; pusing; gangguan lambung,,Konimex,80,15,5,Obat Batuk,false,true,batuk berdahak; dahak; batuk produktif,Bantu dengan banyak minum air hangat.
Siladex Antitussive,Dextromethorphan HBr; Diphenhydramine HCl,Batuk kering,Mengantuk; pusing; mulut kering,,Konimex,80,15,5,Obat Batuk,false,true,batuk kering; batuk tidak berdahak; tenggorokan gatal,Jangan digunakan untuk batuk berdahak banyak.
Vicks Formula 44,Dextromethorphan HBr; Doxylamine succinate,Batuk kering; batuk malam hari,Mengantuk; pusing; mulut kering,,P&G,80,15,5,Obat Batuk,false,true,batuk kering; batuk malam; tenggorokan gatal,Dapat menyebabkan mengantuk.
Decolsin,Kombinasi flu dan batuk,Flu; batuk; demam; hidung tersumbat,Mengantuk; mulut kering; berdebar,,Medifarma,80,15,5,Flu & Pilek,false,true,flu; pilek; batuk; hidung tersumbat; demam,Periksa komposisi sebelum digabung dengan obat demam lain.
Mixagrip Flu,Paracetamol; Phenylpropanolamine; Chlorpheniramine,Flu; demam; sakit kepala; hidung tersumbat,Mengantuk; mulut kering; berdebar,,Kalbe,80,15,5,Flu & Pilek,false,true,flu; pilek; demam; hidung tersumbat; bersin,Dapat menyebabkan mengantuk.
Neozep Forte,Paracetamol; Phenylpropanolamine; Chlorpheniramine; Salicylamide,Flu; pilek; demam; sakit kepala,Mengantuk; mulut kering; berdebar,,Konimex,80,15,5,Flu & Pilek,false,true,flu; pilek; hidung tersumbat; demam; bersin,Hati-hati pada hipertensi dan jantung berdebar.
Ultraflu,Paracetamol; Phenylpropanolamine; Chlorpheniramine,Flu; pilek; demam; sakit kepala,Mengantuk; mulut kering; berdebar,,Henson Farma,80,15,5,Flu & Pilek,false,true,flu; pilek; demam; hidung tersumbat,Jangan digabung dengan paracetamol lain.
Procold Flu,Paracetamol; Pseudoephedrine; Chlorpheniramine,Flu; pilek; hidung tersumbat; demam,Mengantuk; mulut kering; berdebar,,Kalbe,80,15,5,Flu & Pilek,false,true,flu; pilek; hidung tersumbat; demam,Hati-hati pada hipertensi.
Actifed Plus Expectorant,Triprolidine; Pseudoephedrine; Guaifenesin,Flu dengan batuk berdahak; hidung tersumbat,Mengantuk; mulut kering; berdebar,,GSK,80,15,5,Flu & Pilek,false,true,flu; batuk berdahak; hidung tersumbat; pilek,Dapat menyebabkan mengantuk.
Cetirizine 10mg,Cetirizine 10mg,Alergi; gatal; bersin; pilek alergi,Mengantuk; mulut kering; pusing,,Generic,80,15,5,Flu & Pilek,false,true,alergi; gatal; bersin; pilek alergi; biduran,Hindari mengemudi bila mengantuk.
Loratadine 10mg,Loratadine 10mg,Alergi; rhinitis alergi; gatal; biduran,Mulut kering; sakit kepala; mengantuk ringan,,Generic,80,15,5,Flu & Pilek,false,true,alergi; gatal; bersin; pilek alergi; biduran,Biasanya lebih minim kantuk dibanding antihistamin lama.
CTM 4mg,Chlorpheniramine maleate 4mg,Alergi; gatal; bersin; pilek alergi,Mengantuk; mulut kering; pusing,,Generic,80,15,5,Flu & Pilek,false,true,alergi; gatal; bersin; pilek alergi,Sering menyebabkan mengantuk.
Tolak Angin,Herbal extract; honey,Masuk angin; mual ringan; badan tidak enak,Alergi bahan herbal jarang,,Industri Jamu Sido Muncul,80,15,5,Vitamin,false,true,masuk angin; meriang; mual; tidak enak badan; kembung,Bukan pengganti terapi medis untuk demam tinggi atau infeksi berat.
Antangin JRG,Herbal extract; royal jelly; ginseng,Masuk angin; badan tidak enak; perut kembung,Alergi bahan herbal jarang,,Deltomed,80,15,5,Vitamin,false,true,masuk angin; kembung; meriang; mual ringan,Gunakan sesuai aturan pakai.
Enervon-C,Vitamin C; Vitamin B complex,Suplemen vitamin; membantu daya tahan tubuh,Mual ringan; urine kuning karena vitamin B,,Medifarma,80,15,5,Vitamin,false,true,vitamin; daya tahan tubuh; lemas; kurang fit,Suplemen bukan pengganti makanan bergizi.
Redoxon,Vitamin C; Zinc,Suplemen vitamin C dan zinc; daya tahan tubuh,Mual; gangguan lambung ringan,,Bayer,80,15,5,Vitamin,false,true,vitamin c; daya tahan tubuh; sariawan; lemas,Hati-hati pada gangguan ginjal bila dosis tinggi.
You C1000,Vitamin C,Suplemen vitamin C; membantu memenuhi kebutuhan vitamin,Mual; gangguan lambung ringan,,Djojonegoro,80,15,5,Vitamin,false,true,vitamin c; daya tahan; sariawan; kurang fit,"Minuman/suplemen, bukan obat utama penyakit."
CDR,Calcium; Vitamin D; Vitamin C,Suplemen kalsium dan vitamin,Mual; konstipasi ringan,,Bayer,80,15,5,Vitamin,false,true,kalsium; tulang; vitamin d; vitamin c,"Ikuti aturan pakai, hati-hati pada riwayat batu ginjal."
Imboost,Phyllanthus niruri extract; Echinacea; Zinc,Suplemen daya tahan tubuh,Gangguan lambung ringan; alergi jarang,,SOHO,80,15,5,Vitamin,false,true,imun; daya tahan tubuh; lemas; kurang fit,Tidak menggantikan konsultasi bila gejala infeksi berat.
Oralit,Glucose; Sodium chloride; Potassium chloride; Sodium citrate,Diare; dehidrasi ringan; mengganti cairan tubuh,Mual ringan bila diminum terlalu cepat,,Generic,80,15,5,Pencernaan,false,true,diare; mencret; dehidrasi; muntah; lemas,Prioritaskan cairan. Segera ke dokter bila diare berdarah atau dehidrasi berat.
Diapet,Ekstrak daun jambu biji; kunyit; herbal,Diare ringan; membantu mengurangi frekuensi BAB,Konstipasi; alergi herbal jarang,,SOHO,80,15,5,Pencernaan,false,true,diare; mencret; sakit perut ringan,Jangan menahan diare infeksi berat. Perhatikan tanda dehidrasi.
Entrostop,Attapulgite; Pectin,Diare non-spesifik; membantu menyerap toksin,Konstipasi; kembung,,Kalbe,80,15,5,Pencernaan,false,true,diare; mencret; perut mulas,Beri jarak dengan obat lain karena dapat mengganggu penyerapan.
New Diatabs,Attapulgite,Diare non-spesifik,Konstipasi; kembung,,Medifarma,80,15,5,Pencernaan,false,true,diare; mencret; mulas,Segera periksa bila diare lebih dari 2 hari atau ada darah.
Promag Tablet,Hydrotalcite; Magnesium hydroxide; Simethicone,Maag; asam lambung; kembung; nyeri ulu hati,Konstipasi; diare ringan; mual,,Kalbe,80,15,5,Lambung,false,true,maag; asam lambung; perut perih; kembung; ulu hati,Hindari makanan pemicu dan beri jarak dengan obat lain.
Mylanta Liquid,Aluminium hydroxide; Magnesium hydroxide; Simethicone,Maag; kembung; asam lambung,Konstipasi; diare ringan,,Johnson & Johnson,80,15,5,Lambung,false,true,maag; asam lambung; kembung; perut perih,Gunakan sesuai aturan. Periksa bila nyeri dada atau muntah darah.
Polysilane,Dimethylpolysiloxane; Aluminium hydroxide; Magnesium hydroxide,Maag; kembung; asam lambung,Konstipasi; diare ringan,,Pharos,80,15,5,Lambung,false,true,maag; kembung; asam lambung; perut begah,Beri jarak dengan obat lain.
Antasida Doen,Aluminium hydroxide; Magnesium hydroxide,Maag; nyeri ulu hati; asam lambung,Konstipasi; diare ringan,,Generic,80,15,5,Lambung,false,true,maag; asam lambung; perut perih; ulu hati,Beri jarak 1-2 jam dari obat lain.
Loperamide 2mg,Loperamide 2mg,Diare akut non-infeksi tertentu,Konstipasi; mual; pusing,,Generic,80,15,5,Pencernaan,false,true,diare; mencret; sering bab,"Jangan gunakan bila diare berdarah, demam tinggi, atau dicurigai infeksi berat."
Dulcolax,Bisacodyl,Sembelit; konstipasi,Kram perut; diare; mual,,Sanofi,80,15,5,Pencernaan,false,true,sembelit; susah bab; konstipasi,Gunakan jangka pendek. Perbanyak serat dan air.
Microlax,Sodium lauryl sulfoacetate; Sodium citrate; Sorbitol,Sembelit; membantu melunakkan feses,Iritasi lokal ringan,,Pharos,80,15,5,Pencernaan,false,true,sembelit; susah bab; konstipasi,Gunakan sesuai aturan pakai.
Betadine Solution,Povidone iodine,Antiseptik luka ringan; disinfeksi kulit,Iritasi kulit; alergi iodine,,Mundipharma,80,15,5,Kulit,false,true,luka; lecet; antiseptik; infeksi kulit ringan,Hindari pada alergi iodine dan luka luas tanpa arahan medis.
Hansaplast Spray Antiseptik,Antiseptic solution,Membersihkan luka ringan,Perih sementara; iritasi,,Beiersdorf,80,15,5,Kulit,false,true,luka; lecet; antiseptik; luka ringan,Bersihkan luka dan tutup bila perlu.
Minyak Kayu Putih,Eucalyptus oil,Menghangatkan tubuh; perut kembung; gigitan serangga ringan,Iritasi kulit; alergi,,Generic,80,15,5,Kulit,false,true,kembung; masuk angin; gatal gigitan; hangat,Hanya untuk pemakaian luar. Hindari area mata dan luka terbuka.
Caladine Lotion,Calamine; Zinc oxide; Diphenhydramine,Gatal ringan; biang keringat; iritasi kulit ringan,Kulit kering; iritasi ringan,,Galderma,80,15,5,Kulit,false,true,gatal; biang keringat; ruam ringan; kulit iritasi,"Bila ruam luas/bernanah, konsultasi tenaga kesehatan."
Hydrocortisone Cream 1%,Hydrocortisone acetate 1%,Radang kulit ringan; gatal; dermatitis ringan,Kulit menipis bila berlebihan; iritasi,,Generic,80,15,5,Kulit,false,true,gatal; eksim ringan; ruam; dermatitis,Gunakan tipis dan singkat. Jangan untuk infeksi jamur/luka terbuka tanpa arahan.
Kalpanax Cream,Miconazole nitrate,Infeksi jamur kulit; panu; kurap; kutu air,Iritasi; rasa panas ringan,,Kalbe,80,15,5,Kulit,false,true,panu; kurap; kutu air; jamur kulit; gatal jamur,Gunakan rutin sesuai aturan hingga keluhan membaik.
Canesten Cream,Clotrimazole,Infeksi jamur kulit; kandidiasis kulit,Iritasi; rasa terbakar ringan,,Bayer,80,15,5,Kulit,false,true,jamur; panu; kurap; gatal jamur; kutu air,Hindari area mata dan luka terbuka.
Insto Regular,Tetrahydrozoline HCl,Mata merah ringan karena iritasi ringan,Perih sementara; mata kering,,Combiphar,80,15,5,Mata,false,true,mata merah; iritasi mata; mata lelah,Jangan digunakan lama. Periksa bila nyeri mata atau penglihatan kabur.
Rohto Cool,Naphazoline; Menthol,Mata merah ringan; mata lelah,Perih; iritasi; mata kering,,Rohto,80,15,5,Mata,false,true,mata merah; mata lelah; iritasi mata,Tidak untuk infeksi mata berat.
Sangobion,Ferrous gluconate; vitamins; minerals,Suplemen zat besi; anemia karena kekurangan zat besi,Mual; konstipasi; feses gelap,,Merck,80,15,5,Vitamin,false,true,anemia; kurang darah; lemas; zat besi,Konsultasi bila anemia berat atau berulang.
Folamil Genio,Folic acid; DHA; vitamins; minerals,Suplemen ibu hamil dan menyusui,Mual ringan; konstipasi,,Dexa Medica,80,15,5,Vitamin,false,true,hamil; asam folat; vitamin ibu hamil; menyusui,Suplemen kehamilan sebaiknya mengikuti arahan dokter/bidan.
Blackmores Pregnancy,B-complex; folic acid; omega-3; minerals,Suplemen ibu hamil,Mual ringan; fishy aftertaste,,Blackmores,80,15,5,Vitamin,false,true,hamil; vitamin ibu hamil; asam folat; omega 3,Ikuti aturan pakai dan konsultasi ke tenaga kesehatan.
Betadine Gargle,Povidone iodine,Kumur antiseptik; sakit tenggorokan ringan; bau mulut,Iritasi; rasa tidak nyaman; alergi iodine,,Mundipharma,80,15,5,Tenggorokan,false,true,sakit tenggorokan; radang tenggorokan ringan; bau mulut,"Untuk kumur, jangan ditelan. Hindari alergi iodine."
Strepsils,Amylmetacresol; Dichlorobenzyl alcohol,Sakit tenggorokan ringan; tenggorokan gatal,Iritasi mulut; alergi jarang,,Reckitt,80,15,5,Tenggorokan,false,true,sakit tenggorokan; tenggorokan gatal; serak,"Bila disertai demam tinggi atau sesak, periksa ke dokter."
FG Troches,Fradiomycin; Gramicidin,Radang mulut dan tenggorokan tertentu,Iritasi mulut; alergi,,Meiji,80,15,5,Tenggorokan,false,true,sakit tenggorokan; sariawan; radang mulut,"Gunakan sesuai aturan. Bila berat, konsultasi tenaga kesehatan."
Albothyl Concentrate,Policresulen,Sariawan tertentu sesuai petunjuk,Rasa perih; iritasi lokal,,Pharos,80,15,5,Mulut,false,true,sariawan; luka mulut,"Gunakan hati-hati sesuai aturan. Untuk sariawan berat/berulang, konsultasi."
Cooling 5 Spray,Phenol,Sakit tenggorokan ringan; sariawan ringan,Iritasi; rasa kebas sementara,,Pharos,80,15,5,Tenggorokan,false,true,sakit tenggorokan; sariawan; tenggorokan gatal,Gunakan sesuai aturan pakai.
Fenistil Gel,Dimetindene maleate,Gatal karena gigitan serangga; alergi kulit ringan,Iritasi kulit; kulit kering,,GSK,80,15,5,Kulit,false,true,gatal; gigitan serangga; alergi kulit; bentol,Hanya untuk kulit luar. Hindari luka terbuka.
Autan Lotion,Diethyltoluamide,Repellent nyamuk; mencegah gigitan serangga,Iritasi kulit; alergi,,SC Johnson,80,15,5,Kulit,false,true,nyamuk; gigitan serangga; pencegah nyamuk,"Bukan obat, gunakan sebagai pencegahan gigitan nyamuk."
Salonpas Patch,Methyl salicylate; Menthol; Camphor,Nyeri otot; pegal; keseleo ringan,Iritasi kulit; rasa panas,,Hisamitsu,80,15,5,Nyeri & Demam,false,true,pegal; nyeri otot; keseleo; sakit punggung,Pemakaian luar. Jangan ditempel pada luka terbuka.
Counterpain Cream,Methyl salicylate; Eugenol; Menthol,Nyeri otot; pegal; keseleo ringan,Iritasi kulit; rasa panas,,Bristol-Myers Squibb,80,15,5,Nyeri & Demam,false,true,pegal; nyeri otot; keseleo; sakit pinggang,Hanya untuk pemakaian luar.
Hot In Cream,Methyl salicylate; Menthol; Eucalyptus oil,Pegal; nyeri otot; masuk angin ringan,Iritasi kulit; rasa panas,,Konimex,80,15,5,Nyeri & Demam,false,true,pegal; nyeri otot; masuk angin; sakit pinggang,Hindari area mata dan luka terbuka.
FreshCare Roll On,Menthol; Camphor; essential oils,Pusing ringan; mual; masuk angin; aromaterapi,Iritasi kulit; alergi,,Ultra Sakti,80,15,5,Kulit,false,true,pusing; mual; masuk angin; mabuk perjalanan,"Pemakaian luar, bukan terapi utama penyakit berat."
Antimo Tablet,Dimenhydrinate,Mabuk perjalanan; mual karena perjalanan,Mengantuk; mulut kering; pusing,,Phapros,80,15,5,Pencernaan,false,true,mabuk perjalanan; mual; muntah perjalanan; pusing perjalanan,Dapat menyebabkan mengantuk. Hindari mengemudi.
Antimo Anak,Dimenhydrinate,Mabuk perjalanan pada anak sesuai usia,Mengantuk; mulut kering,,Phapros,80,15,5,Pencernaan,false,true,anak mabuk perjalanan; mual perjalanan; muntah perjalanan,Gunakan sesuai usia dan aturan pakai.
Avil 25 Tablet,Pheniramine (25mg),Treatment of Allergic conditionsTreatment of Respiratory disease with excessive mucusTreatment of Skin conditions with inflammation & itchingTreatment and prevention of Meniere's disease,Sedation,"https://onemg.gumlet.io/l_watermark_346,w_480,h_480/a_ignore,w_480,h_480,c_fit,q_auto,f_auto/cropped/mmsye6bf97tkcocat24j.jpg",Sanofi India Ltd,40,34,26,Lainnya,unknown,unknown,,
Avil Injection,Pheniramine (22.75mg),Treatment of Allergic conditionsTreatment of Respiratory disease with excessive mucusTreatment of Skin conditions with inflammation & itchingTreatment and prevention of Meniere's disease,Sedation,"https://onemg.gumlet.io/l_watermark_346,w_480,h_480/a_ignore,w_480,h_480,c_fit,q_auto,f_auto/cropped/n2al1qoxuxtzshwgwbt0.jpg",Sanofi India Ltd,42,43,15,Lainnya,unknown,unknown,,
Avil 50mg Tablet,Pheniramine (50mg),Treatment of Allergic conditionsTreatment of Respiratory disease with excessive mucusTreatment of Skin conditions with inflammation & itchingTreatment and prevention of Meniere's disease,Sedation,"https://onemg.gumlet.io/l_watermark_346,w_480,h_480/a_ignore,w_480,h_480,c_fit,q_auto,f_auto/cropped/hb3cqsruyt3hmr0qtdir.jpg",Sanofi India Ltd,36,28,36,Lainnya,unknown,unknown,,
Allercet-M Tablet,Levocetirizine (5mg) + Montelukast (10mg),Treatment of Sneezing and runny nose due to allergiesTreatment of Hay feverTreatment of Allergic skin conditions,Nausea Diarrhea Dryness in mouth Fatigue Headache Skin rash Sleepiness Vomiting,"https://onemg.gumlet.io/l_watermark_346,w_480,h_480/a_ignore,w_480,h_480,c_fit,q_auto,f_auto/cropped/eiz4irqdi1r6a85bqvv0.jpg",Micro Labs Ltd,44,35,21,Lainnya,unknown,unknown,,
Amlogard 5mg Tablet,Amlodipine (5mg),Treatment of Hypertension (high blood pressure)Prevention of Angina (heart-related chest pain),Headache Fatigue Nausea Abdominal pain Sleepiness,"https://onemg.gumlet.io/l_watermark_346,w_480,h_480/a_ignore,w_480,h_480,c_fit,q_auto,f_auto/cropped/y4tfhzdttoh6jdw3tvoe.jpg",Pfizer Ltd,57,35,8,Lainnya,unknown,unknown,,
Amlodac 2.5 Tablet,Amlodipine (2.5mg),Treatment of Hypertension (high blood pressure)Prevention of Angina (heart-related chest pain),Headache Fatigue Nausea Abdominal pain Sleepiness,"https://onemg.gumlet.io/l_watermark_346,w_480,h_480/a_ignore,w_480,h_480,c_fit,q_auto,f_auto/cropped/lhrgzgz1utqoeewnfepq.jpg",Zydus Cadila,54,25,21,Lainnya,unknown,unknown,,
Amlokind 2.5 Tablet,Amlodipine (2.5mg),Treatment of Hypertension (high blood pressure)Prevention of Angina (heart-related chest pain),Headache Fatigue Nausea Abdominal pain Sleepiness,"https://onemg.gumlet.io/l_watermark_346,w_480,h_480/a_ignore,w_480,h_480,c_fit,q_auto,f_auto/c1krcwuokin2t69daoaq.jpg",Mankind Pharma Ltd,44,28,28,Lainnya,unknown,unknown,,
Amcard 5 Tablet,Amlodipine (5mg),Treatment of Hypertension (high blood pressure)Prevention of Angina (heart-related chest pain),Headache Fatigue Nausea Abdominal pain Sleepiness,"https://onemg.gumlet.io/l_watermark_346,w_480,h_480/a_ignore,w_480,h_480,c_fit,q_auto,f_auto/qpa9fmki2fkc9ctawlzs.jpg",Systopic Laboratories Pvt Ltd,33,25,42,Lainnya,unknown,unknown,,
Alerfix-M Tablet,Levocetirizine (5mg) + Montelukast (10mg),Treatment of Sneezing and runny nose due to allergiesTreatment of Hay feverTreatment of Allergic skin conditions,Nausea Diarrhea Dryness in mouth Fatigue Headache Skin rash Sleepiness Vomiting,"https://onemg.gumlet.io/l_watermark_346,w_480,h_480/a_ignore,w_480,h_480,c_fit,q_auto,f_auto/hudn6y7bgh41nuuyfwue.jpg",Eris Lifesciences Ltd,41,46,13,Lainnya,unknown,unknown,,
Amlokind 10mg Tablet,Amlodipine (10mg),Treatment of Hypertension (high blood pressure)Prevention of Angina (heart-related chest pain),Headache Fatigue Nausea Abdominal pain Sleepiness,"https://onemg.gumlet.io/l_watermark_346,w_480,h_480/a_ignore,w_480,h_480,c_fit,q_auto,f_auto/mv2vlryi1925fy0hgxsf.jpg",Mankind Pharma Ltd,56,27,17,Lainnya,unknown,unknown,,
Allerkast LC Tablet,Levocetirizine (5mg) + Montelukast (10mg),Treatment of Sneezing and runny nose due to allergiesTreatment of Hay feverTreatment of Allergic skin conditions,Nausea Diarrhea Dryness in mouth Fatigue Headache Skin rash Sleepiness Vomiting,"https://onemg.gumlet.io/l_watermark_346,w_480,h_480/a_ignore,w_480,h_480,c_fit,q_auto,f_auto/84d2db3058ca43bdb501aac4972df801.jpg",Lupin Ltd,67,16,17,Lainnya,unknown,unknown,,
Alday Duo 5mg/10mg Tablet,Levocetirizine (5mg) + Montelukast (10mg),Treatment of Sneezing and runny nose due to allergiesTreatment of Hay feverTreatment of Allergic skin conditions,Nausea Diarrhea Dryness in mouth Fatigue Headache Skin rash Sleepiness Vomiting,"https://onemg.gumlet.io/l_watermark_346,w_480,h_480/a_ignore,w_480,h_480,c_fit,q_auto,f_auto/0164736a96654b19be5e7ecd5ac718f0.jpg",S H Pharmaceuticals Ltd,78,22,0,Lainnya,unknown,unknown,,
Amcard 2.5 Tablet,Amlodipine (2.5mg),Treatment of Hypertension (high blood pressure)Prevention of Angina (heart-related chest pain),Headache Fatigue Nausea Abdominal pain Sleepiness,"https://onemg.gumlet.io/l_watermark_346,w_480,h_480/a_ignore,w_480,h_480,c_fit,q_auto,f_auto/cropped/f1drjj514l7qwag0xlej.jpg",Systopic Laboratories Pvt Ltd,83,17,0,Lainnya,unknown,unknown,,
Alnacet M 5mg/10mg Tablet,Levocetirizine (5mg) + Montelukast (10mg),Treatment of Sneezing and runny nose due to allergiesTreatment of Hay feverTreatment of Allergic skin conditions,Nausea Diarrhea Dryness in mouth Fatigue Headache Skin rash Sleepiness Vomiting,"https://onemg.gumlet.io/l_watermark_346,w_480,h_480/a_ignore,w_480,h_480,c_fit,q_auto,f_auto/d9b763a8fc304e30b199649abe2e4ee5.jpg",Alna Biotech Pvt Ltd,58,25,17,Lainnya,unknown,unknown,,
Atecard 50 Tablet,Atenolol (50mg),Treatment of Hypertension (high blood pressure)Treatment of Angina (heart-related chest pain)Treatment of ArrhythmiaPrevention of Heart attack,Fatigue Slow heart rate Cold extremities Gastrointestinal disturbance,"https://onemg.gumlet.io/l_watermark_346,w_480,h_480/a_ignore,w_480,h_480,c_fit,q_auto,f_auto/po2tdwe25oqilkb6ytmk.jpg",Alembic Pharmaceuticals Ltd,67,33,0,Lainnya,unknown,unknown,,
Angizem DP 90 Capsule MR,Diltiazem (90mg),Treatment of Hypertension (high blood pressure)Treatment of Angina (heart-related chest pain)Treatment of Arrhythmia,Headache Dizziness Nausea Edema swelling,"https://onemg.gumlet.io/l_watermark_346,w_480,h_480/a_ignore,w_480,h_480,c_fit,q_auto,f_auto/jumz2e83bq9ltgjsbqcv.jpg",Sun Pharmaceutical Industries Ltd,100,0,0,Lainnya,unknown,unknown,,
Atpark 25 Tablet,Atenolol (25mg),Treatment of Hypertension (high blood pressure)Treatment of Angina (heart-related chest pain)Treatment of ArrhythmiaPrevention of Heart attack,Fatigue Slow heart rate Cold extremities Gastrointestinal disturbance,"https://onemg.gumlet.io/l_watermark_346,w_480,h_480/a_ignore,w_480,h_480,c_fit,q_auto,f_auto/wr1x10fx0hrzezypmpaq.jpg",Pfizer Ltd,100,0,0,Lainnya,unknown,unknown,,
Alz Plus  Tablet,Levocetirizine (5mg) + Montelukast (10mg),Treatment of Sneezing and runny nose due to allergiesTreatment of Hay feverTreatment of Allergic skin conditions,Nausea Diarrhea Dryness in mouth Fatigue Headache Skin rash Sleepiness Vomiting,"https://onemg.gumlet.io/l_watermark_346,w_480,h_480/a_ignore,w_480,h_480,c_fit,q_auto,f_auto/d4uzhpxrgl5fqxeteblk.jpg",Athens Labs Ltd,100,0,0,Lainnya,unknown,unknown,,
Atenex 25mg Tablet,Atenolol (25mg),Treatment of Hypertension (high blood pressure)Treatment of Angina (heart-related chest pain)Treatment of ArrhythmiaPrevention of Heart attack,Fatigue Slow heart rate Cold extremities Gastrointestinal disturbance,"https://onemg.gumlet.io/l_watermark_346,w_480,h_480/a_ignore,w_480,h_480,c_fit,q_auto,f_auto/f31qdw5daglkmhlo0vnf.jpg",Zydus Cadila,67,33,0,Lainnya,unknown,unknown,,
Admont-LC Tablet,Levocetirizine (5mg) + Montelukast (10mg),Treatment of Sneezing and runny nose due to allergiesTreatment of Hay feverTreatment of Allergic skin conditions,Nausea Diarrhea Dryness in mouth Fatigue Headache Skin rash Sleepiness Vomiting,"https://onemg.gumlet.io/l_watermark_346,w_480,h_480/a_ignore,w_480,h_480,c_fit,q_auto,f_auto/lsrdvwl3nyjuahbf0zer.jpg",Adley Formulations,67,33,0,Lainnya,unknown,unknown,,
Altapan-DSR Capsule,Domperidone (30mg) + Pantoprazole (40mg),Treatment of Gastroesophageal reflux disease (Acid reflux)Treatment of Peptic ulcer disease,Diarrhea Stomach pain Flatulence Dryness in mouth Dizziness Headache,"https://onemg.gumlet.io/l_watermark_346,w_480,h_480/a_ignore,w_480,h_480,c_fit,q_auto,f_auto/7e823c9c6438489fbb07452a8ef3f9af.jpg",Altavista Life Sciences Pvt Ltd,67,33,0,Lainnya,unknown,unknown,,
Ancer LM Syrup,Levocetirizine (2.5mg/5ml) + Montelukast (4mg/5ml),Treatment of Sneezing and runny nose due to allergiesTreatment of Hay feverTreatment of Allergic skin conditions,Rash Nausea Diarrhea Dryness in mouth Fatigue Headache Skin rash Sleepiness Vomiting,"https://onemg.gumlet.io/l_watermark_346,w_480,h_480/a_ignore,w_480,h_480,c_fit,q_auto,f_auto/8fd45d9ed4c949949aab847bfb9e14ab.jpg",Bio Vitamins,83,17,0,Lainnya,unknown,unknown,,
Betaloc 50mg Tablet,Metoprolol Tartrate (50mg),Treatment of Hypertension (high blood pressure)Treatment of Angina (heart-related chest pain)Treatment of ArrhythmiaPrevention of Heart attackPrevention of Migraine,Orthostatic hypotension sudden lowering of blood pressure on standing Slow heart rate Headache Dizziness Tiredness Stomach pain Nausea Breathlessness,"https://onemg.gumlet.io/l_watermark_346,w_480,h_480/a_ignore,w_480,h_480,c_fit,q_auto,f_auto/5440da099f0b4c2dabd1d56d5d1fa3ba.jpg",AstraZeneca,43,42,15,Lainnya,unknown,unknown,,
Bisotab 2.5 Tablet,Bisoprolol (2.5mg),Treatment of Hypertension (high blood pressure)Treatment of Angina (heart-related chest pain)Treatment of ArrhythmiaPrevention of Heart attackPrevention of Migraine,Nausea Headache Slow heart rate Fatigue Constipation Diarrhea Dizziness Cold extremities,"https://onemg.gumlet.io/l_watermark_346,w_480,h_480/a_ignore,w_480,h_480,c_fit,q_auto,f_auto/d51f1a7968ff4a7c9cedd0b59178975d.jpg",J B Chemicals and Pharmaceuticals Ltd,42,25,33,Lainnya,unknown,unknown,,
Betagel,Betamethasone (0.05% w/w),Treatment of Allergic skin conditionsTreatment of Allergic conditions,Reduction in bone density Upset stomach,"https://onemg.gumlet.io/l_watermark_346,w_480,h_480/a_ignore,w_480,h_480,c_fit,q_auto,f_auto/cropped/u36tz0vl15fo6wbljvld.jpg",Micro Labs Ltd,52,15,33,Lainnya,unknown,unknown,,
Breaze-L Tablet,Levocetirizine (5mg) + Montelukast (10mg),Treatment of Sneezing and runny nose due to allergiesTreatment of Hay feverTreatment of Allergic skin conditions,Nausea Diarrhea Dryness in mouth Fatigue Headache Skin rash Sleepiness Vomiting,"https://onemg.gumlet.io/l_watermark_346,w_480,h_480/a_ignore,w_480,h_480,c_fit,q_auto,f_auto/aybxhdge7agqzyw4x3mi.jpg",Albert David Ltd,46,39,15,Lainnya,unknown,unknown,,
Dom-DT 5 Rapitab,Domperidone (5mg),Treatment of Gastroesophageal reflux disease (Acid reflux)Treatment of IndigestionTreatment of NauseaTreatment of Vomiting,Dryness in mouth Headache Drowsiness Stomach cramp Diarrhea,"https://onemg.gumlet.io/l_watermark_346,w_480,h_480/a_ignore,w_480,h_480,c_fit,q_auto,f_auto/cropped/vnj7zt6gerwy7ue8vip8.jpg",Morepen Laboratories Ltd,0,0,100,Lainnya,unknown,unknown,,
Espin 2.5 Tablet,S-Amlodipine (2.5mg),Treatment of Hypertension (high blood pressure)Prevention of Angina (heart-related chest pain)Prevention of Heart attackPrevention of Stroke,Ankle swelling Dizziness Fatigue Flushing sense of warmth in the face ears neck and trunk Headache Palpitations Abdominal pain Muscle cramp Nausea Sleepiness Visual disturbance Dyspepsia Breathlessness Change in bowel habits,"https://onemg.gumlet.io/l_watermark_346,w_480,h_480/a_ignore,w_480,h_480,c_fit,q_auto,f_auto/cropped/cxmjgf9hn55hem7rn21b.jpg",Intas Pharmaceuticals Ltd,43,33,24,Lainnya,unknown,unknown,,
Esomefol Tablet,Esomeprazole (40mg),Treatment of Gastroesophageal reflux disease (Acid reflux)Treatment of Peptic ulcer diseaseTreatment of Zollinger-Ellison syndrome,Headache Dryness in mouth Nausea Abdominal pain Constipation Flatulence Diarrhea,"https://onemg.gumlet.io/l_watermark_346,w_480,h_480/a_ignore,w_480,h_480,c_fit,q_auto,f_auto/e862a90873b94db48c0b3c0237432f5f.jpg",Leeford Healthcare Ltd,83,17,0,Lainnya,unknown,unknown,,
Enliva 20mg/75mg Capsule SR,Levosulpiride (75mg) + Rabeprazole (20mg),Treatment of Gastroesophageal reflux disease (Acid reflux)Treatment of Intestinal ulcersTreatment of Irritable bowel syndrome,Nausea Stomach pain Diarrhea Flatulence Constipation Headache Dizziness Weakness Sleepiness Flu like symptoms,"https://onemg.gumlet.io/l_watermark_346,w_480,h_480/a_ignore,w_480,h_480,c_fit,q_auto,f_auto/cropped/n0gip7zcbrldwkecyqyd.jpg",Abbott,56,30,14,Lainnya,unknown,unknown,,
Emimont 5mg/10mg Tablet,Levocetirizine (5mg) + Montelukast (10mg),Treatment of Sneezing and runny nose due to allergiesTreatment of Hay feverTreatment of Allergic skin conditions,Nausea Diarrhea Dryness in mouth Fatigue Headache Skin rash Sleepiness Vomiting,"https://onemg.gumlet.io/l_watermark_346,w_480,h_480/a_ignore,w_480,h_480,c_fit,q_auto,f_auto/e5fc329092f34fad93e81258a3c1fad5.jpg",Dr Cure Pharmaceuticals India Pvt Ltd,100,0,0,Lainnya,unknown,unknown,,
Genericart Metformin Hydrochloride 1000mg Tablet SR,Metformin (1000mg),Treatment of Type 2 diabetes mellitus,Diarrhea Nausea Vomiting Flatulence,"https://onemg.gumlet.io/l_watermark_346,w_480,h_480/a_ignore,w_480,h_480,c_fit,q_auto,f_auto/cropped/xnwisaure1lz31murgmd.jpg",Swast Aushadhi Seva Generic Medicine Store,100,0,0,Lainnya,unknown,unknown,,
Genericart Amlodipine+Lisinopril 5mg/5mg Tablet,Amlodipine (5mg) + Lisinopril (5mg),Hypertension (high blood pressure),Ankle swelling Headache Tiredness Palpitations Increased potassium level in blood Sleepiness Cough Taste change Flushing sense of warmth in the face ears neck and trunk Decreased blood pressure Upset stomach,"https://onemg.gumlet.io/l_watermark_346,w_480,h_480/a_ignore,w_480,h_480,c_fit,q_auto,f_auto/cropped/lsfhpzwaymjvisrciwrx.jpg",Swast Aushadhi Seva Generic Medicine Store,100,0,0,Lainnya,unknown,unknown,,
Hisone 5 Tablet,Hydrocortisone (5mg),Severe allergic reactionsTreatment of Allergic conditionsTreatment of CancerTreatment of Skin disordersTreatment of Eye disorders,Dizziness Headache Ankle swelling Weakness,"https://onemg.gumlet.io/l_watermark_346,w_480,h_480/a_ignore,w_480,h_480,c_fit,q_auto,f_auto/c1297ec64d154d16a54de0086eb184e7.jpg",Samarth Life Sciences Pvt Ltd,60,28,12,Lainnya,unknown,unknown,,
HHlevo-M Tablet,Levocetirizine (5mg) + Montelukast (10mg),Treatment of Sneezing and runny nose due to allergiesTreatment of Hay feverTreatment of Allergic skin conditions,Nausea Diarrhea Dryness in mouth Fatigue Headache Skin rash Sleepiness Vomiting,"https://onemg.gumlet.io/l_watermark_346,w_480,h_480/a_ignore,w_480,h_480,c_fit,q_auto,f_auto/a52f0ea9469c48769bbf434de47ef556.jpg",Hegde and Hegde Pharmaceutical LLP,39,33,28,Lainnya,unknown,unknown,,
HHlevo-M Kid Suspension,Levocetirizine (2.5mg/5ml) + Montelukast (4mg/5ml),Treatment of Sneezing and runny nose due to allergiesTreatment of Hay feverTreatment of Allergic skin conditions,Rash Nausea Diarrhea Dryness in mouth Fatigue Headache Skin rash Sleepiness Vomiting,"https://onemg.gumlet.io/l_watermark_346,w_480,h_480/a_ignore,w_480,h_480,c_fit,q_auto,f_auto/40bd06b2d69a479b92ad4745388c7334.jpg",Hegde and Hegde Pharmaceutical LLP,0,33,67,Lainnya,unknown,unknown,,
Hipress 50 Tablet,Atenolol (50mg),Treatment of Hypertension (high blood pressure)Treatment of Angina (heart-related chest pain)Treatment of ArrhythmiaPrevention of Heart attack,Fatigue Slow heart rate Cold extremities Gastrointestinal disturbance,"https://onemg.gumlet.io/l_watermark_346,w_480,h_480/a_ignore,w_480,h_480,c_fit,q_auto,f_auto/c6ebe95013674c2fa3d9cda1e0ddb0cd.jpg",Cipla Ltd,50,50,0,Lainnya,unknown,unknown,,
Hipres 25 Tablet,Atenolol (25mg),Treatment of Hypertension (high blood pressure)Treatment of Angina (heart-related chest pain)Treatment of ArrhythmiaPrevention of Heart attack,Fatigue Slow heart rate Cold extremities Gastrointestinal disturbance,"https://onemg.gumlet.io/l_watermark_346,w_480,h_480/a_ignore,w_480,h_480,c_fit,q_auto,f_auto/swbzy1qjlwddcudisuom.jpg",Cipla Ltd,50,50,0,Lainnya,unknown,unknown,,
HHlevo-M Kid Tablet DT,Levocetirizine (2.5mg) + Montelukast (4mg),Treatment of Sneezing and runny nose due to allergiesTreatment of Hay feverTreatment of Allergic skin conditions,Rash Nausea Diarrhea Dryness in mouth Fatigue Headache Skin rash Sleepiness Vomiting,"https://onemg.gumlet.io/l_watermark_346,w_480,h_480/a_ignore,w_480,h_480,c_fit,q_auto,f_auto/cropped/zgkktwbznvdjq4krpoes.jpg",Hegde and Hegde Pharmaceutical LLP,0,33,67,Lainnya,unknown,unknown,,
Hibesor 50mg Tablet,Atenolol (50mg),Treatment of Hypertension (high blood pressure)Treatment of Angina (heart-related chest pain)Treatment of ArrhythmiaPrevention of Heart attack,Fatigue Slow heart rate Cold extremities Gastrointestinal disturbance,"https://onemg.gumlet.io/l_watermark_346,w_480,h_480/a_ignore,w_480,h_480,c_fit,q_auto,f_auto/vmdym0nwj4df7dgsw7jn.jpg",Blue Cross Laboratories Ltd,67,33,0,Lainnya,unknown,unknown,,
Inderal LA 20 Tablet SR,Propranolol (20mg),Treatment of PheochromocytomaTreatment of Hypertension (high blood pressure) Prevention of migraineTreatment of AnxietyTreatment of ArrhythmiaPrevention of Heart attackPrevention of Angina (heart-related chest pain)Treatment of Tremors,Tiredness Weakness Raynaud s phenomenon Arrhythmia irregular heartbeats Nausea Vomiting Diarrhea,"https://onemg.gumlet.io/l_watermark_346,w_480,h_480/a_ignore,w_480,h_480,c_fit,q_auto,f_auto/cropped/j74vuzva9tccrjigthky.jpg",Abbott,48,45,7,Lainnya,unknown,unknown,,
Inderal 20mg Tablet,Propranolol (20mg),Treatment of PheochromocytomaTreatment of Hypertension (high blood pressure) Prevention of migraineTreatment of AnxietyTreatment of ArrhythmiaPrevention of Heart attackPrevention of Angina (heart-related chest pain)Treatment of Tremors,Tiredness Weakness Raynaud s phenomenon Arrhythmia irregular heartbeats Nausea Vomiting Diarrhea,"https://onemg.gumlet.io/l_watermark_346,w_480,h_480/a_ignore,w_480,h_480,c_fit,q_auto,f_auto/2d44363c34d34e02a2e4101797f6952c.jpg",Abbott,67,18,15,Lainnya,unknown,unknown,,
Inderal LA 40 Tablet SR,Propranolol (40mg),Treatment of PheochromocytomaTreatment of Hypertension (high blood pressure) Prevention of migraineTreatment of AnxietyTreatment of ArrhythmiaPrevention of Heart attackPrevention of Angina (heart-related chest pain)Treatment of Tremors,Tiredness Weakness Raynaud s phenomenon Arrhythmia irregular heartbeats Nausea Vomiting Diarrhea,"https://onemg.gumlet.io/l_watermark_346,w_480,h_480/a_ignore,w_480,h_480,c_fit,q_auto,f_auto/y1wqiapquiwn4zih26eg.jpg",Abbott,50,42,8,Lainnya,unknown,unknown,,
Ivepred 4 Tablet,Methylprednisolone (4mg),Treatment of Rheumatic disorderTreatment of Systemic lupus erythematosus (SLE)Treatment of Allergic conditionsTreatment of Eye disordersTreatment of Skin disorders,Thinning of skin Increased risk of infection Reduction in bone density Weight gain Mood changes Upset stomach Behavioral changes,"https://onemg.gumlet.io/l_watermark_346,w_480,h_480/a_ignore,w_480,h_480,c_fit,q_auto,f_auto/47b3e9d9ae2a4b88a191457dd37c9a97.jpg",Sun Pharmaceutical Industries Ltd,42,27,31,Lainnya,unknown,unknown,,
Infinair 10/5mg Tablet,Levocetirizine (5mg) + Montelukast (10mg),Treatment of Sneezing and runny nose due to allergiesTreatment of Hay feverTreatment of Allergic skin conditions,Nausea Diarrhea Dryness in mouth Fatigue Headache Skin rash Sleepiness Vomiting,"https://onemg.gumlet.io/l_watermark_346,w_480,h_480/a_ignore,w_480,h_480,c_fit,q_auto,f_auto/iwzgrj7la0ympb3u9woq.jpg",Pfizer Ltd,45,40,15,Lainnya,unknown,unknown,,
Inhipraz 40mg Tablet,Pantoprazole (40mg),Treatment of HeartburnTreatment of Gastroesophageal reflux disease (Acid reflux)Treatment of Peptic ulcer diseaseTreatment of Zollinger-Ellison syndrome,Diarrhea Flatulence Headache Nausea Stomach pain Vomiting Dizziness Upper respiratory tract infection,"https://onemg.gumlet.io/l_watermark_346,w_480,h_480/a_ignore,w_480,h_480,c_fit,q_auto,f_auto/02cbc09e1ab942d18e2e8be1f3cbb780.jpg",La Renon Healthcare Pvt Ltd,67,33,0,Lainnya,unknown,unknown,,
Instigo-D Tablet,Domperidone (30mg) + Rabeprazole (20mg),Treatment of Gastroesophageal reflux disease (Acid reflux)Treatment of Peptic ulcer disease,Diarrhea Stomach pain Dryness in mouth Headache Dizziness Flatulence Weakness Flu like symptoms,"https://onemg.gumlet.io/l_watermark_346,w_480,h_480/a_ignore,w_480,h_480,c_fit,q_auto,f_auto/cropped/lvlvqjarywtvke3m0he8.png",Mebio Labs Pvt Ltd,50,50,0,Lainnya,unknown,unknown,,
Jotair L Tablet,Levocetirizine (5mg) + Montelukast (10mg),Treatment of Sneezing and runny nose due to allergiesTreatment of Hay feverTreatment of Allergic skin conditions,Nausea Diarrhea Dryness in mouth Fatigue Headache Skin rash Sleepiness Vomiting,"https://onemg.gumlet.io/l_watermark_346,w_480,h_480/a_ignore,w_480,h_480,c_fit,q_auto,f_auto/cropped/xuhanrr3gnhgsoosdmch.jpg",Dr. Johns Laboratories Pvt Ltd,0,33,67,Lainnya,unknown,unknown,,
Kimet XL 25 Tablet,Metoprolol Succinate (23.75mg),Treatment of Hypertension (high blood pressure)Treatment of Angina (heart-related chest pain)Treatment of ArrhythmiaPrevention of Heart attackPrevention of Migraine,Fatigue Headache Slow heart rate Dizziness Nausea Breathlessness Rash Diarrhea Depression,"https://onemg.gumlet.io/l_watermark_346,w_480,h_480/a_ignore,w_480,h_480,c_fit,q_auto,f_auto/dkd5mqwj02vj1jfyhsj9.jpg",Zuventus Healthcare Ltd,67,8,25,Lainnya,unknown,unknown,,
Kimet XL 50 Tablet,Metoprolol Succinate (47.5mg),Treatment of Hypertension (high blood pressure)Treatment of Angina (heart-related chest pain)Treatment of ArrhythmiaPrevention of Heart attackPrevention of Migraine,Fatigue Headache Slow heart rate Dizziness Nausea Breathlessness Rash Diarrhea Depression,"https://onemg.gumlet.io/l_watermark_346,w_480,h_480/a_ignore,w_480,h_480,c_fit,q_auto,f_auto/afd6ac6924cd4a87b88d4e5705ba0f61.jpg",Zuventus Healthcare Ltd,67,33,0,Lainnya,unknown,unknown,,
Levocet M Tablet,Levocetirizine (5mg) + Montelukast (10mg),Treatment of Sneezing and runny nose due to allergiesTreatment of Hay feverTreatment of Allergic skin conditions,Nausea Diarrhea Dryness in mouth Fatigue Headache Skin rash Sleepiness Vomiting,"https://onemg.gumlet.io/l_watermark_346,w_480,h_480/a_ignore,w_480,h_480,c_fit,q_auto,f_auto/cropped/gvzaa8w1kcdkwqoaxkfh.jpg",Hetero Drugs Ltd,42,39,19,Lainnya,unknown,unknown,,
L-Hist Mont Tablet,Levocetirizine (5mg) + Montelukast (10mg),Treatment of Sneezing and runny nose due to allergiesTreatment of Hay feverTreatment of Allergic skin conditions,Nausea Diarrhea Dryness in mouth Fatigue Headache Skin rash Sleepiness Vomiting,"https://onemg.gumlet.io/l_watermark_346,w_480,h_480/a_ignore,w_480,h_480,c_fit,q_auto,f_auto/1f7a53f5609946fdad7136ed8ca6b8c6.jpg",Alkem Laboratories Ltd,36,39,25,Lainnya,unknown,unknown,,
Levosiz-M Tablet,Levocetirizine (5mg) + Montelukast (10mg),Treatment of Sneezing and runny nose due to allergiesTreatment of Hay feverTreatment of Allergic skin conditions,Nausea Diarrhea Dryness in mouth Fatigue Headache Skin rash Sleepiness Vomiting,"https://onemg.gumlet.io/l_watermark_346,w_480,h_480/a_ignore,w_480,h_480,c_fit,q_auto,f_auto/5663cf6e866845d0b7184c3275523b25.jpg",Systopic Laboratories Pvt Ltd,65,29,6,Lainnya,unknown,unknown,,
Laveta M  Tablet,Levocetirizine (5mg) + Montelukast (10mg),Treatment of Sneezing and runny nose due to allergiesTreatment of Hay feverTreatment of Allergic skin conditions,Nausea Diarrhea Dryness in mouth Fatigue Headache Skin rash Sleepiness Vomiting,"https://onemg.gumlet.io/l_watermark_346,w_480,h_480/a_ignore,w_480,h_480,c_fit,q_auto,f_auto/cropped/w5suwdkghsehyav0yuss.jpg",Alembic Pharmaceuticals Ltd,38,41,21,Lainnya,unknown,unknown,,
Lecope-M Tablet,Levocetirizine (5mg) + Montelukast (10mg),Treatment of Sneezing and runny nose due to allergiesTreatment of Hay feverTreatment of Allergic skin conditions,Nausea Diarrhea Dryness in mouth Fatigue Headache Skin rash Sleepiness Vomiting,"https://onemg.gumlet.io/l_watermark_346,w_480,h_480/a_ignore,w_480,h_480,c_fit,q_auto,f_auto/3a7cd00eb5194849a3b9aa046ef22768.jpg",Mankind Pharma Ltd,44,43,13,Lainnya,unknown,unknown,,
L Montus Tablet,Levocetirizine (5mg) + Montelukast (10mg),Treatment of Sneezing and runny nose due to allergiesTreatment of Hay feverTreatment of Allergic skin conditions,Nausea Diarrhea Dryness in mouth Fatigue Headache Skin rash Sleepiness Vomiting,"https://onemg.gumlet.io/l_watermark_346,w_480,h_480/a_ignore,w_480,h_480,c_fit,q_auto,f_auto/ca79e6cca95a46089ea8aae2fdbfd64d.jpg",Fourrts India Laboratories Pvt Ltd,47,39,14,Lainnya,unknown,unknown,,
Levozet M Tablet,Levocetirizine (5mg) + Montelukast (10mg),Treatment of Sneezing and runny nose due to allergiesTreatment of Hay feverTreatment of Allergic skin conditions,Nausea Diarrhea Dryness in mouth Fatigue Headache Skin rash Sleepiness Vomiting,"https://onemg.gumlet.io/l_watermark_346,w_480,h_480/a_ignore,w_480,h_480,c_fit,q_auto,f_auto/510e03489f724d6c967b567b7a03c7d2.jpg",Cadila Pharmaceuticals Ltd,24,57,19,Lainnya,unknown,unknown,,
Laveta M  Syrup,Levocetirizine (2.5mg/5ml) + Montelukast (4mg/5ml),Treatment of Sneezing and runny nose due to allergiesTreatment of Hay feverTreatment of Allergic skin conditions,Rash Nausea Diarrhea Dryness in mouth Fatigue Headache Skin rash Sleepiness Vomiting,"https://onemg.gumlet.io/l_watermark_346,w_480,h_480/a_ignore,w_480,h_480,c_fit,q_auto,f_auto/cropped/o9vwxvwxqcfdv0ft271a.jpg",Alembic Pharmaceuticals Ltd,48,35,17,Lainnya,unknown,unknown,,
Levocet M Syrup,Levocetirizine (2.5mg/5ml) + Montelukast (4mg/5ml),Treatment of Sneezing and runny nose due to allergiesTreatment of Hay feverTreatment of Allergic skin conditions,Rash Nausea Diarrhea Dryness in mouth Fatigue Headache Skin rash Sleepiness Vomiting,"https://onemg.gumlet.io/l_watermark_346,w_480,h_480/a_ignore,w_480,h_480,c_fit,q_auto,f_auto/a36b863a202245168e2080bc028d8f08.jpg",Hetero Drugs Ltd,100,0,0,Lainnya,unknown,unknown,,
Ldio 1 M 5mg/10mg Tablet,Levocetirizine (5mg) + Montelukast (10mg),Treatment of Sneezing and runny nose due to allergiesTreatment of Hay feverTreatment of Allergic skin conditions,Nausea Diarrhea Dryness in mouth Fatigue Headache Skin rash Sleepiness Vomiting,"https://onemg.gumlet.io/l_watermark_346,w_480,h_480/a_ignore,w_480,h_480,c_fit,q_auto,f_auto/b36b96ffb75f47f2b9253c9a6453763e.jpg",Unison Pharmaceuticals Pvt Ltd,52,38,10,Lainnya,unknown,unknown,,
L Montus Oral Suspension,Levocetirizine (2.5mg/5ml) + Montelukast (4mg/5ml),Treatment of Sneezing and runny nose due to allergiesTreatment of Hay feverTreatment of Allergic skin conditions,Rash Nausea Diarrhea Dryness in mouth Fatigue Headache Skin rash Sleepiness Vomiting,"https://onemg.gumlet.io/l_watermark_346,w_480,h_480/a_ignore,w_480,h_480,c_fit,q_auto,f_auto/cropped/jotupmhslaeidw0kdwdi.jpg",Fourrts India Laboratories Pvt Ltd,27,49,24,Lainnya,unknown,unknown,,
Lazine M Tablet,Levocetirizine (5mg) + Montelukast (10mg),Treatment of Sneezing and runny nose due to allergiesTreatment of Hay feverTreatment of Allergic skin conditions,Nausea Diarrhea Dryness in mouth Fatigue Headache Skin rash Sleepiness Vomiting,"https://onemg.gumlet.io/l_watermark_346,w_480,h_480/a_ignore,w_480,h_480,c_fit,q_auto,f_auto/352f0428ae47442ab3eddf7f12750dd6.jpg",Hetero Drugs Ltd,36,43,21,Lainnya,unknown,unknown,,
Levokast Tablet,Levocetirizine (5mg) + Montelukast (10mg),Treatment of Sneezing and runny nose due to allergiesTreatment of Hay feverTreatment of Allergic skin conditions,Nausea Diarrhea Dryness in mouth Fatigue Headache Skin rash Sleepiness Vomiting,"https://onemg.gumlet.io/l_watermark_346,w_480,h_480/a_ignore,w_480,h_480,c_fit,q_auto,f_auto/fe3f984cf4704185b2cdbd9f7f09e6f1.jpg",TTK Healthcare Ltd,29,46,25,Lainnya,unknown,unknown,,
Lasma LC Tablet,Levocetirizine (5mg) + Montelukast (10mg),Treatment of Sneezing and runny nose due to allergiesTreatment of Hay feverTreatment of Allergic skin conditions,Nausea Diarrhea Dryness in mouth Fatigue Headache Skin rash Sleepiness Vomiting,"https://onemg.gumlet.io/l_watermark_346,w_480,h_480/a_ignore,w_480,h_480,c_fit,q_auto,f_auto/cropped/ifs5qb7xybyfimcgtcxp.jpg",Apex Laboratories Pvt Ltd,33,56,11,Lainnya,unknown,unknown,,
Levocet M Kid Tablet MD,Levocetirizine (2.5mg) + Montelukast (4mg),Treatment of Sneezing and runny nose due to allergiesTreatment of Hay feverTreatment of Allergic skin conditions,Rash Nausea Diarrhea Dryness in mouth Fatigue Headache Skin rash Sleepiness Vomiting,"https://onemg.gumlet.io/l_watermark_346,w_480,h_480/a_ignore,w_480,h_480,c_fit,q_auto,f_auto/c303cd26897243a481dbcd7faba10b91.jpg",Hetero Drugs Ltd,75,25,0,Lainnya,unknown,unknown,,
Levotac-M Tablet,Levocetirizine (5mg) + Montelukast (10mg),Treatment of Sneezing and runny nose due to allergiesTreatment of Hay feverTreatment of Allergic skin conditions,Nausea Diarrhea Dryness in mouth Fatigue Headache Skin rash Sleepiness Vomiting,"https://onemg.gumlet.io/l_watermark_346,w_480,h_480/a_ignore,w_480,h_480,c_fit,q_auto,f_auto/cropped/ngvifqzzebwoda0p3gop.jpg",Seagull Pharmaceutical Pvt Ltd,41,44,15,Lainnya,unknown,unknown,,
Lasma LC kid Syrup,Levocetirizine (2.5mg/5ml) + Montelukast (4mg/5ml),Treatment of Sneezing and runny nose due to allergiesTreatment of Hay feverTreatment of Allergic skin conditions,Rash Nausea Diarrhea Dryness in mouth Fatigue Headache Skin rash Sleepiness Vomiting,"https://onemg.gumlet.io/l_watermark_346,w_480,h_480/a_ignore,w_480,h_480,c_fit,q_auto,f_auto/9bf6a567b1754dbc8cbd0a81e69b71b0.jpg",Apex Laboratories Pvt Ltd,13,54,33,Lainnya,unknown,unknown,,
Lasma LC Kid Tablet,Levocetirizine (2.5mg) + Montelukast (4mg),Treatment of Sneezing and runny nose due to allergiesTreatment of Hay feverTreatment of Allergic skin conditions,Rash Nausea Diarrhea Dryness in mouth Fatigue Headache Skin rash Sleepiness Vomiting,"https://onemg.gumlet.io/l_watermark_346,w_480,h_480/a_ignore,w_480,h_480,c_fit,q_auto,f_auto/cropped/aneybkxqvbsmwyg1nhpy.jpg",Apex Laboratories Pvt Ltd,41,22,37,Lainnya,unknown,unknown,,
L Montus Kid Tablet,Levocetirizine (2.5mg) + Montelukast (4mg),Treatment of Sneezing and runny nose due to allergiesTreatment of Hay feverTreatment of Allergic skin conditions,Rash Nausea Diarrhea Dryness in mouth Fatigue Headache Skin rash Sleepiness Vomiting,"https://onemg.gumlet.io/l_watermark_346,w_480,h_480/a_ignore,w_480,h_480,c_fit,q_auto,f_auto/cropped/lkuwc81gsk7tuvqbfoaz.jpg",Fourrts India Laboratories Pvt Ltd,47,20,33,Lainnya,unknown,unknown,,
Lefive M Tablet,Levocetirizine (NA) + Montelukast (NA),Treatment of Sneezing and runny nose due to allergiesTreatment of Hay feverTreatment of Allergic skin conditions,Nausea Diarrhea Dryness in mouth Fatigue Headache Skin rash Sleepiness Vomiting,"https://onemg.gumlet.io/l_watermark_346,w_480,h_480/a_ignore,w_480,h_480,c_fit,q_auto,f_auto/b25743208cec4dafa946f2d57cf65f26.jpg",Eright Healthcare,0,0,100,Lainnya,unknown,unknown,,
Lekast Tablet,Levocetirizine (5mg) + Montelukast (10mg),Treatment of Sneezing and runny nose due to allergiesTreatment of Hay feverTreatment of Allergic skin conditions,Nausea Diarrhea Dryness in mouth Fatigue Headache Skin rash Sleepiness Vomiting,"https://onemg.gumlet.io/l_watermark_346,w_480,h_480/a_ignore,w_480,h_480,c_fit,q_auto,f_auto/gdgsfnyspvphruqwl8o3.jpg",Unimarck Healthcare Ltd,75,25,0,Lainnya,unknown,unknown,,
L-Hist Mont Syrup,Levocetirizine (5mg) + Montelukast (10mg),Treatment of Sneezing and runny nose due to allergiesTreatment of Hay feverTreatment of Allergic skin conditions,Nausea Diarrhea Dryness in mouth Fatigue Headache Skin rash Sleepiness Vomiting,"https://onemg.gumlet.io/l_watermark_346,w_480,h_480/a_ignore,w_480,h_480,c_fit,q_auto,f_auto/10d2303f63584e07929ad514d9d89e01.jpg",Alkem Laboratories Ltd,67,33,0,Lainnya,unknown,unknown,,
Lukotas LC Tablet,Levocetirizine (5mg) + Montelukast (10mg),Treatment of Sneezing and runny nose due to allergiesTreatment of Hay feverTreatment of Allergic skin conditions,Nausea Diarrhea Dryness in mouth Fatigue Headache Skin rash Sleepiness Vomiting,"https://onemg.gumlet.io/l_watermark_346,w_480,h_480/a_ignore,w_480,h_480,c_fit,q_auto,f_auto/cropped/smtb7o97k4hnalhv9usf.jpg",Intas Pharmaceuticals Ltd,39,50,11,Lainnya,unknown,unknown,,
Lukotrap Tablet,Levocetirizine (5mg) + Montelukast (10mg),Treatment of Sneezing and runny nose due to allergiesTreatment of Hay feverTreatment of Allergic skin conditions,Nausea Diarrhea Dryness in mouth Fatigue Headache Skin rash Sleepiness Vomiting,"https://onemg.gumlet.io/l_watermark_346,w_480,h_480/a_ignore,w_480,h_480,c_fit,q_auto,f_auto/cropped/pswuwnet8joagzqxxm2f.jpg",Indchemie Health Specialities Pvt Ltd,22,22,56,Lainnya,unknown,unknown,,
Levosiz-M Kid Tablet,Levocetirizine (2.5mg) + Montelukast (4mg),Treatment of Sneezing and runny nose due to allergiesTreatment of Hay feverTreatment of Allergic skin conditions,Rash Nausea Diarrhea Dryness in mouth Fatigue Headache Skin rash Sleepiness Vomiting,"https://onemg.gumlet.io/l_watermark_346,w_480,h_480/a_ignore,w_480,h_480,c_fit,q_auto,f_auto/cropped/q85qewx8hvflzjgjkk7w.jpg",Systopic Laboratories Pvt Ltd,22,67,11,Lainnya,unknown,unknown,,
Lupisoz Tablet,Esomeprazole (40mg),Treatment of Gastroesophageal reflux disease (Acid reflux)Treatment of Peptic ulcer diseaseTreatment of Zollinger-Ellison syndrome,Headache Dryness in mouth Nausea Abdominal pain Constipation Flatulence Diarrhea,"https://onemg.gumlet.io/l_watermark_346,w_480,h_480/a_ignore,w_480,h_480,c_fit,q_auto,f_auto/b8194400272b458da0265f456519ccdd.jpg",Lupin Ltd,100,0,0,Lainnya,unknown,unknown,,
Lafaxid-D  Tablet,Lafutidine (10mg) + Domperidone (30mg),Gastroesophageal reflux disease (Acid reflux) Peptic ulcer disease,Nausea Diarrhea Dryness in mouth Fatigue Headache Muscle pain Drowsiness Dizziness Increased liver enzymes Protein in urine Increased uric acid level in blood,"https://onemg.gumlet.io/l_watermark_346,w_480,h_480/a_ignore,w_480,h_480,c_fit,q_auto,f_auto/cropped/gdtz4lebsnjz9kobj3id.jpg",Zuventus Healthcare Ltd,100,0,0,Lainnya,unknown,unknown,,
Lezyncet-M Tablet,Levocetirizine (5mg) + Montelukast (10mg),Treatment of Sneezing and runny nose due to allergiesTreatment of Hay feverTreatment of Allergic skin conditions,Nausea Diarrhea Dryness in mouth Fatigue Headache Skin rash Sleepiness Vomiting,"https://onemg.gumlet.io/l_watermark_346,w_480,h_480/a_ignore,w_480,h_480,c_fit,q_auto,f_auto/cropped/ynoqldmwur2d0iwbqkmo.jpg",Torrent Pharmaceuticals Ltd,0,50,50,Lainnya,unknown,unknown,,
Lorfast MT Tablet,Levocetirizine (5mg) + Montelukast (10mg),Treatment of Sneezing and runny nose due to allergiesTreatment of Hay feverTreatment of Allergic skin conditions,Nausea Diarrhea Dryness in mouth Fatigue Headache Skin rash Sleepiness Vomiting,"https://onemg.gumlet.io/l_watermark_346,w_480,h_480/a_ignore,w_480,h_480,c_fit,q_auto,f_auto/cropped/t3d56punmdk3okq3k7g2.jpg",Cadila Pharmaceuticals Ltd,33,45,22,Lainnya,unknown,unknown,,
Lit M Tablet,Levocetirizine (5mg) + Montelukast (10mg),Treatment of Sneezing and runny nose due to allergiesTreatment of Hay feverTreatment of Allergic skin conditions,Nausea Diarrhea Dryness in mouth Fatigue Headache Skin rash Sleepiness Vomiting,"https://onemg.gumlet.io/l_watermark_346,w_480,h_480/a_ignore,w_480,h_480,c_fit,q_auto,f_auto/c301e42eed3f41f69353509a538017b0.jpg",Omenta Pharma Pvt Ltd,67,33,0,Lainnya,unknown,unknown,,
Levokast Oral Suspension,Levocetirizine (2.5mg/5ml) + Montelukast (4mg/5ml),Treatment of Sneezing and runny nose due to allergiesTreatment of Hay feverTreatment of Allergic skin conditions,Rash Nausea Diarrhea Dryness in mouth Fatigue Headache Skin rash Sleepiness Vomiting,"https://onemg.gumlet.io/l_watermark_346,w_480,h_480/a_ignore,w_480,h_480,c_fit,q_auto,f_auto/88a1f5d6f9ec465a8e67289bb439bed6.jpg",TTK Healthcare Ltd,42,16,42,Lainnya,unknown,unknown,,
LCZ-Mont Kid Tablet,Levocetirizine (2.5mg) + Montelukast (4mg),Treatment of Sneezing and runny nose due to allergiesTreatment of Hay feverTreatment of Allergic skin conditions,Rash Nausea Diarrhea Dryness in mouth Fatigue Headache Skin rash Sleepiness Vomiting,"https://onemg.gumlet.io/l_watermark_346,w_480,h_480/a_ignore,w_480,h_480,c_fit,q_auto,f_auto/cropped/axkonwzolwa7y5enmzo9.jpg",Rapross Pharmaceuticals Pvt Ltd,0,0,100,Lainnya,unknown,unknown,,
Levokon-M Tablet,Levocetirizine (5mg) + Montelukast (10mg),Treatment of Sneezing and runny nose due to allergiesTreatment of Hay feverTreatment of Allergic skin conditions,Nausea Diarrhea Dryness in mouth Fatigue Headache Skin rash Sleepiness Vomiting,"https://onemg.gumlet.io/l_watermark_346,w_480,h_480/a_ignore,w_480,h_480,c_fit,q_auto,f_auto/e84e831cea20463fa765c2c049af2bc1.jpg",Eskon Pharma,67,33,0,Lainnya,unknown,unknown,,
Levozen M Tablet,Levocetirizine (5mg) + Montelukast (10mg),Treatment of Sneezing and runny nose due to allergiesTreatment of Hay feverTreatment of Allergic skin conditions,Nausea Diarrhea Dryness in mouth Fatigue Headache Skin rash Sleepiness Vomiting,"https://onemg.gumlet.io/l_watermark_346,w_480,h_480/a_ignore,w_480,h_480,c_fit,q_auto,f_auto/cropped/fgenbcm16vthf6cyzibd.jpg",Zeno Healthcare,0,33,67,Lainnya,unknown,unknown,,
Levotiz-M Tablet,Levocetirizine (5mg) + Montelukast (10mg),Treatment of Sneezing and runny nose due to allergiesTreatment of Hay feverTreatment of Allergic skin conditions,Nausea Diarrhea Dryness in mouth Fatigue Headache Skin rash Sleepiness Vomiting,"https://onemg.gumlet.io/l_watermark_346,w_480,h_480/a_ignore,w_480,h_480,c_fit,q_auto,f_auto/xsuyghowh5w0gyqaqolb.jpg",Foregen Healthcare Ltd,67,33,0,Lainnya,unknown,unknown,,
LCZ-Mont Suspension,Levocetirizine (5mg) + Montelukast (10mg),Treatment of Sneezing and runny nose due to allergiesTreatment of Hay feverTreatment of Allergic skin conditions,Nausea Diarrhea Dryness in mouth Fatigue Headache Skin rash Sleepiness Vomiting,"https://onemg.gumlet.io/l_watermark_346,w_480,h_480/a_ignore,w_480,h_480,c_fit,q_auto,f_auto/d77b45b07c19419094a02f53ad860767.jpg",Rapross Pharmaceuticals Pvt Ltd,67,33,0,Lainnya,unknown,unknown,,
Levrom-M Syrup,Levocetirizine (2.5mg) + Montelukast (4mg),Treatment of Sneezing and runny nose due to allergiesTreatment of Hay feverTreatment of Allergic skin conditions,Rash Nausea Diarrhea Dryness in mouth Fatigue Headache Skin rash Sleepiness Vomiting,"https://onemg.gumlet.io/l_watermark_346,w_480,h_480/a_ignore,w_480,h_480,c_fit,q_auto,f_auto/cropped/q8laxygzlx9yizrscg62.jpg",Romas Remedies,0,0,100,Lainnya,unknown,unknown,,
Montek LC Tablet,Levocetirizine (5mg) + Montelukast (10mg),Treatment of Sneezing and runny nose due to allergiesTreatment of Hay feverTreatment of Allergic skin conditions,Nausea Diarrhea Dryness in mouth Fatigue Headache Skin rash Sleepiness Vomiting,"https://onemg.gumlet.io/l_watermark_346,w_480,h_480/a_ignore,w_480,h_480,c_fit,q_auto,f_auto/cropped/hu9ossbgvej1rylj0xls.jpg",Sun Pharmaceutical Industries Ltd,41,40,19,Lainnya,unknown,unknown,,
Montair-LC Tablet,Levocetirizine (5mg) + Montelukast (10mg),Treatment of Sneezing and runny nose due to allergiesTreatment of Hay feverTreatment of Allergic skin conditions,Nausea Diarrhea Dryness in mouth Fatigue Headache Skin rash Sleepiness Vomiting,"https://onemg.gumlet.io/l_watermark_346,w_480,h_480/a_ignore,w_480,h_480,c_fit,q_auto,f_auto/wbcmitb6ibmotmsy9st6.jpg",Cipla Ltd,46,39,15,Lainnya,unknown,unknown,,
Montina-L Tablet,Levocetirizine (5mg) + Montelukast (10mg),Treatment of Sneezing and runny nose due to allergiesTreatment of Hay feverTreatment of Allergic skin conditions,Nausea Diarrhea Dryness in mouth Fatigue Headache Skin rash Sleepiness Vomiting,"https://onemg.gumlet.io/l_watermark_346,w_480,h_480/a_ignore,w_480,h_480,c_fit,q_auto,f_auto/cropped/ohfqz2pmlomqs7d9vmi0.jpg",Aristo Pharmaceuticals Pvt Ltd,46,38,16,Lainnya,unknown,unknown,,
Monticope Tablet,Levocetirizine (5mg) + Montelukast (10mg),Treatment of Sneezing and runny nose due to allergiesTreatment of Hay feverTreatment of Allergic skin conditions,Nausea Diarrhea Dryness in mouth Fatigue Headache Skin rash Sleepiness Vomiting,"https://onemg.gumlet.io/l_watermark_346,w_480,h_480/a_ignore,w_480,h_480,c_fit,q_auto,f_auto/cfdfbbe893174815946e897d2a35384a.jpg",Mankind Pharma Ltd,46,42,12,Lainnya,unknown,unknown,,
Montair LC Kid Syrup,Levocetirizine (2.5mg/5ml) + Montelukast (4mg/5ml),Treatment of Sneezing and runny nose due to allergiesTreatment of Hay feverTreatment of Allergic skin conditions,Rash Nausea Diarrhea Dryness in mouth Fatigue Headache Skin rash Sleepiness Vomiting,"https://onemg.gumlet.io/l_watermark_346,w_480,h_480/a_ignore,w_480,h_480,c_fit,q_auto,f_auto/cropped/zhd8fv9gmxscys86uumw.jpg",Cipla Ltd,34,43,23,Lainnya,unknown,unknown,,
Montas-L Tablet,Levocetirizine (5mg) + Montelukast (10mg),Treatment of Sneezing and runny nose due to allergiesTreatment of Hay feverTreatment of Allergic skin conditions,Nausea Diarrhea Dryness in mouth Fatigue Headache Skin rash Sleepiness Vomiting,"https://onemg.gumlet.io/l_watermark_346,w_480,h_480/a_ignore,w_480,h_480,c_fit,q_auto,f_auto/zkljusmevjth3wbnxvle.jpg",Intas Pharmaceuticals Ltd,48,39,13,Lainnya,unknown,unknown,,
Met XL 25 Tablet,Metoprolol Succinate (23.75mg),Treatment of Hypertension (high blood pressure)Treatment of Angina (heart-related chest pain)Treatment of ArrhythmiaPrevention of Heart attackPrevention of Migraine,Fatigue Headache Slow heart rate Dizziness Nausea Breathlessness Rash Diarrhea Depression,"https://onemg.gumlet.io/l_watermark_346,w_480,h_480/a_ignore,w_480,h_480,c_fit,q_auto,f_auto/fzsldtube07xmins5vjm.jpg",Ajanta Pharma Ltd,56,40,4,Lainnya,unknown,unknown,,
Met XL 50 Tablet,Metoprolol Succinate (47.5mg),Treatment of Hypertension (high blood pressure)Treatment of Angina (heart-related chest pain)Treatment of ArrhythmiaPrevention of Heart attackPrevention of Migraine,Fatigue Headache Slow heart rate Dizziness Nausea Breathlessness Rash Diarrhea Depression,"https://onemg.gumlet.io/l_watermark_346,w_480,h_480/a_ignore,w_480,h_480,c_fit,q_auto,f_auto/f88468a30ffc41f594d885f0ec191c3c.jpg",Ajanta Pharma Ltd,58,35,7,Lainnya,unknown,unknown,,
Monticope Suspension,Levocetirizine (2.5mg/5ml) + Montelukast (4mg/5ml),Treatment of Sneezing and runny nose due to allergiesTreatment of Hay feverTreatment of Allergic skin conditions,Rash Nausea Diarrhea Dryness in mouth Fatigue Headache Skin rash Sleepiness Vomiting,"https://onemg.gumlet.io/l_watermark_346,w_480,h_480/a_ignore,w_480,h_480,c_fit,q_auto,f_auto/cropped/dgacsjuotwuommbgkvoj.jpg",Mankind Pharma Ltd,21,46,33,Lainnya,unknown,unknown,,
Montemac-L Tablet,Levocetirizine (5mg) + Montelukast (10mg),Treatment of Sneezing and runny nose due to allergiesTreatment of Hay feverTreatment of Allergic skin conditions,Nausea Diarrhea Dryness in mouth Fatigue Headache Skin rash Sleepiness Vomiting,"https://onemg.gumlet.io/l_watermark_346,w_480,h_480/a_ignore,w_480,h_480,c_fit,q_auto,f_auto/cropped/h8tk7yseqdsrrzzhb5b7.jpg",Macleods Pharmaceuticals Pvt Ltd,31,50,19,Lainnya,unknown,unknown,,
Montina-L Syrup,Levocetirizine (2.5mg/5ml) + Montelukast (4mg/5ml),Treatment of Sneezing and runny nose due to allergiesTreatment of Hay feverTreatment of Allergic skin conditions,Rash Nausea Diarrhea Dryness in mouth Fatigue Headache Skin rash Sleepiness Vomiting,"https://onemg.gumlet.io/l_watermark_346,w_480,h_480/a_ignore,w_480,h_480,c_fit,q_auto,f_auto/cropped/qxnje0gu9jptiirntfqg.jpg",Aristo Pharmaceuticals Pvt Ltd,10,47,43,Lainnya,unknown,unknown,,
Montecip LC Tablet,Levocetirizine (5mg) + Montelukast (10mg),Treatment of Sneezing and runny nose due to allergiesTreatment of Hay feverTreatment of Allergic skin conditions,Nausea Diarrhea Dryness in mouth Fatigue Headache Skin rash Sleepiness Vomiting,"https://onemg.gumlet.io/l_watermark_346,w_480,h_480/a_ignore,w_480,h_480,c_fit,q_auto,f_auto/vftrlc0rdh1g116ycw4i.jpg",Cipla Ltd,51,43,6,Lainnya,unknown,unknown,,
Montair LC Kid Tablet DT,Levocetirizine (2.5mg) + Montelukast (4mg),Treatment of Sneezing and runny nose due to allergiesTreatment of Hay feverTreatment of Allergic skin conditions,Rash Nausea Diarrhea Dryness in mouth Fatigue Headache Skin rash Sleepiness Vomiting,"https://onemg.gumlet.io/l_watermark_346,w_480,h_480/a_ignore,w_480,h_480,c_fit,q_auto,f_auto/650df9bf88c043b4aea0d045dff4a4e7.jpg",Cipla Ltd,39,49,12,Lainnya,unknown,unknown,,
Montek LC Kid Syrup,Levocetirizine (2.5mg/5ml) + Montelukast (4mg/5ml),Treatment of Sneezing and runny nose due to allergiesTreatment of Hay feverTreatment of Allergic skin conditions,Rash Nausea Diarrhea Dryness in mouth Fatigue Headache Skin rash Sleepiness Vomiting,"https://onemg.gumlet.io/l_watermark_346,w_480,h_480/a_ignore,w_480,h_480,c_fit,q_auto,f_auto/3cadc287-1153-4cda-bba9-69473616fb42.jpg",Sun Pharmaceutical Industries Ltd,39,39,22,Lainnya,unknown,unknown,,
Mecofol 10 Tablet For Vitamin B12 Deficiency,Methylcobalamin (500mcg),Treatment of Pernicious Anemia Vitamin B12 deficiency,Vomiting Loss of appetite Headache,"https://onemg.gumlet.io/l_watermark_346,w_480,h_480/a_ignore,w_480,h_480,c_fit,q_auto,f_auto/mocdxefg6wmzqphv2nim.jpg",Intas Pharmaceuticals Ltd,44,34,22,Lainnya,unknown,unknown,,
Metolar XR 50 Capsule,Metoprolol Succinate (47.5mg),Treatment of Hypertension (high blood pressure)Treatment of Angina (heart-related chest pain)Treatment of ArrhythmiaPrevention of Heart attackPrevention of Migraine,Fatigue Headache Slow heart rate Dizziness Nausea Breathlessness Rash Diarrhea Depression,"https://onemg.gumlet.io/l_watermark_346,w_480,h_480/a_ignore,w_480,h_480,c_fit,q_auto,f_auto/17a4925916dc4953b8b9e0d1f6042d32.jpg",Cipla Ltd,50,35,15,Lainnya,unknown,unknown,,
Montek LC Kid Tablet,Levocetirizine (2.5mg) + Montelukast (4mg),Treatment of Sneezing and runny nose due to allergiesTreatment of Hay feverTreatment of Allergic skin conditions,Rash Nausea Diarrhea Dryness in mouth Fatigue Headache Skin rash Sleepiness Vomiting,"https://onemg.gumlet.io/l_watermark_346,w_480,h_480/a_ignore,w_480,h_480,c_fit,q_auto,f_auto/1958605e370a44fb8e732f8a7a524b80.jpg",Sun Pharmaceutical Industries Ltd,27,51,22,Lainnya,unknown,unknown,,
Montewok-LC Tablet,Levocetirizine (5mg) + Montelukast (10mg),Treatment of Sneezing and runny nose due to allergiesTreatment of Hay feverTreatment of Allergic skin conditions,Nausea Diarrhea Dryness in mouth Fatigue Headache Skin rash Sleepiness Vomiting,"https://onemg.gumlet.io/l_watermark_346,w_480,h_480/a_ignore,w_480,h_480,c_fit,q_auto,f_auto/fc0223835ac444dcac36b40f926ed06d.jpg",Wockhardt Ltd,51,28,21,Lainnya,unknown,unknown,,
Montina-L DT Tablet,Levocetirizine (2.5mg) + Montelukast (4mg),Treatment of Sneezing and runny nose due to allergiesTreatment of Hay feverTreatment of Allergic skin conditions,Rash Nausea Diarrhea Dryness in mouth Fatigue Headache Skin rash Sleepiness Vomiting,"https://onemg.gumlet.io/l_watermark_346,w_480,h_480/a_ignore,w_480,h_480,c_fit,q_auto,f_auto/cropped/wiogiivivi58eg8muwjs.jpg",Aristo Pharmaceuticals Pvt Ltd,27,40,33,Lainnya,unknown,unknown,,
Minolast LC 5mg/10mg Tablet,Levocetirizine (5mg) + Montelukast (10mg),Treatment of Sneezing and runny nose due to allergiesTreatment of Hay feverTreatment of Allergic skin conditions,Nausea Diarrhea Dryness in mouth Fatigue Headache Skin rash Sleepiness Vomiting,"https://onemg.gumlet.io/l_watermark_346,w_480,h_480/a_ignore,w_480,h_480,c_fit,q_auto,f_auto/543ff2b74bd440339733821f0aff8ae0.jpg",Leeford Healthcare Ltd,29,31,40,Lainnya,unknown,unknown,,
Montral Tablet,Levocetirizine (5mg) + Montelukast (10mg),Treatment of Sneezing and runny nose due to allergiesTreatment of Hay feverTreatment of Allergic skin conditions,Nausea Diarrhea Dryness in mouth Fatigue Headache Skin rash Sleepiness Vomiting,"https://onemg.gumlet.io/l_watermark_346,w_480,h_480/a_ignore,w_480,h_480,c_fit,q_auto,f_auto/cropped/mzmuzd87on1usrjq9kne.jpg",Micro Labs Ltd,44,33,23,Lainnya,unknown,unknown,,
Monticope -Kid Tablet,Levocetirizine (2.5mg) + Montelukast (4mg),Treatment of Sneezing and runny nose due to allergiesTreatment of Hay feverTreatment of Allergic skin conditions,Rash Nausea Diarrhea Dryness in mouth Fatigue Headache Skin rash Sleepiness Vomiting,"https://onemg.gumlet.io/l_watermark_346,w_480,h_480/a_ignore,w_480,h_480,c_fit,q_auto,f_auto/cropped/rgcjhk8mzibt2aeyctry.jpg",Mankind Pharma Ltd,71,15,14,Lainnya,unknown,unknown,,
Montemac-L Syrup,Levocetirizine (2.5mg/5ml) + Montelukast (4mg/5ml),Treatment of Sneezing and runny nose due to allergiesTreatment of Hay feverTreatment of Allergic skin conditions,Rash Nausea Diarrhea Dryness in mouth Fatigue Headache Skin rash Sleepiness Vomiting,"https://onemg.gumlet.io/l_watermark_346,w_480,h_480/a_ignore,w_480,h_480,c_fit,q_auto,f_auto/0c47d0c5fb4844b29a4e9ed60d2a8d06.jpg",Macleods Pharmaceuticals Pvt Ltd,0,33,67,Lainnya,unknown,unknown,,
Monlevo Tablet,Levocetirizine (5mg) + Montelukast (10mg),Treatment of Sneezing and runny nose due to allergiesTreatment of Hay feverTreatment of Allergic skin conditions,Nausea Diarrhea Dryness in mouth Fatigue Headache Skin rash Sleepiness Vomiting,"https://onemg.gumlet.io/l_watermark_346,w_480,h_480/a_ignore,w_480,h_480,c_fit,q_auto,f_auto/cropped/guszoanzfz6wsr4cyy2c.jpg",Franco-Indian Pharmaceuticals Pvt Ltd,52,39,9,Lainnya,unknown,unknown,,
Miontizee-L Tablet,Levocetirizine (5mg) + Montelukast (10mg),Treatment of Sneezing and runny nose due to allergiesTreatment of Hay feverTreatment of Allergic skin conditions,Nausea Diarrhea Dryness in mouth Fatigue Headache Skin rash Sleepiness Vomiting,"https://onemg.gumlet.io/l_watermark_346,w_480,h_480/a_ignore,w_480,h_480,c_fit,q_auto,f_auto/j7x7b7kv6qddshsbpnpq.jpg",Zeelab Pharmacy Pvt Ltd,0,0,100,Lainnya,unknown,unknown,,
Montas-L,Levocetirizine (2.5mg/5ml) + Montelukast (4mg/5ml),Treatment of Sneezing and runny nose due to allergiesTreatment of Hay feverTreatment of Allergic skin conditions,Rash Nausea Diarrhea Dryness in mouth Fatigue Headache Skin rash Sleepiness Vomiting,"https://onemg.gumlet.io/l_watermark_346,w_480,h_480/a_ignore,w_480,h_480,c_fit,q_auto,f_auto/e8cf842d6ed5461cac6c4e1525161004.jpg",Intas Pharmaceuticals Ltd,100,0,0,Lainnya,unknown,unknown,,
MTnL Tablet,Levocetirizine (5mg) + Montelukast (10mg),Treatment of Sneezing and runny nose due to allergiesTreatment of Hay feverTreatment of Allergic skin conditions,Nausea Diarrhea Dryness in mouth Fatigue Headache Skin rash Sleepiness Vomiting,"https://onemg.gumlet.io/l_watermark_346,w_480,h_480/a_ignore,w_480,h_480,c_fit,q_auto,f_auto/cropped/xgfvyp5mnd2x7vmmct1y.jpg",Centaur Pharmaceuticals Pvt Ltd,61,17,22,Lainnya,unknown,unknown,,
Montemac-L Kid  Tablet DT,Levocetirizine (2.5mg) + Montelukast (4mg),Treatment of Sneezing and runny nose due to allergiesTreatment of Hay feverTreatment of Allergic skin conditions,Rash Nausea Diarrhea Dryness in mouth Fatigue Headache Skin rash Sleepiness Vomiting,"https://onemg.gumlet.io/l_watermark_346,w_480,h_480/a_ignore,w_480,h_480,c_fit,q_auto,f_auto/cropped/p1lcsdsdfovr70ldwskd.jpg",Macleods Pharmaceuticals Pvt Ltd,0,50,50,Lainnya,unknown,unknown,,
Monet LC 5mg/10mg Tablet,Levocetirizine (5mg) + Montelukast (10mg),Treatment of Sneezing and runny nose due to allergiesTreatment of Hay feverTreatment of Allergic skin conditions,Nausea Diarrhea Dryness in mouth Fatigue Headache Skin rash Sleepiness Vomiting,"https://onemg.gumlet.io/l_watermark_346,w_480,h_480/a_ignore,w_480,h_480,c_fit,q_auto,f_auto/92e4dfd875ab449f827d2087cf6a2099.jpg",Mapra Laboratories Pvt Ltd,22,45,33,Lainnya,unknown,unknown,,
Monzap-LC Tablet,Levocetirizine (5mg) + Montelukast (10mg),Treatment of Sneezing and runny nose due to allergiesTreatment of Hay feverTreatment of Allergic skin conditions,Nausea Diarrhea Dryness in mouth Fatigue Headache Skin rash Sleepiness Vomiting,"https://onemg.gumlet.io/l_watermark_346,w_480,h_480/a_ignore,w_480,h_480,c_fit,q_auto,f_auto/375674ab540e48a5b4ef6c7de3594bb1.jpg",Serum Institute Of India Ltd,50,50,0,Lainnya,unknown,unknown,,
Montegress LC 5mg/10mg Tablet,Levocetirizine (5mg) + Montelukast (10mg),Treatment of Sneezing and runny nose due to allergiesTreatment of Hay feverTreatment of Allergic skin conditions,Nausea Diarrhea Dryness in mouth Fatigue Headache Skin rash Sleepiness Vomiting,"https://onemg.gumlet.io/l_watermark_346,w_480,h_480/a_ignore,w_480,h_480,c_fit,q_auto,f_auto/ddea4537412f4d53b2acd829ef4c9548.jpg",La Renon Healthcare Pvt Ltd,44,48,8,Lainnya,unknown,unknown,,
Montelo LC Tablet,Levocetirizine (5mg) + Montelukast (10mg),Treatment of Sneezing and runny nose due to allergiesTreatment of Hay feverTreatment of Allergic skin conditions,Nausea Diarrhea Dryness in mouth Fatigue Headache Skin rash Sleepiness Vomiting,"https://onemg.gumlet.io/l_watermark_346,w_480,h_480/a_ignore,w_480,h_480,c_fit,q_auto,f_auto/c79e9f041062407495a4fef3438abc0c.jpg",Mascot Health Series Pvt Ltd,33,34,33,Lainnya,unknown,unknown,,
Monzem LC Tablet,Levocetirizine (5mg) + Montelukast (10mg),Treatment of Sneezing and runny nose due to allergiesTreatment of Hay feverTreatment of Allergic skin conditions,Nausea Diarrhea Dryness in mouth Fatigue Headache Skin rash Sleepiness Vomiting,"https://onemg.gumlet.io/l_watermark_346,w_480,h_480/a_ignore,w_480,h_480,c_fit,q_auto,f_auto/o49wkeurwoqazjr3m13x.jpg",Saffron Therapeutics Pvt Ltd,0,0,100,Lainnya,unknown,unknown,,
Makair Tablet,Levocetirizine (NA) + Montelukast (NA),Treatment of Sneezing and runny nose due to allergiesTreatment of Hay feverTreatment of Allergic skin conditions,Nausea Diarrhea Dryness in mouth Fatigue Headache Skin rash Sleepiness Vomiting,"https://onemg.gumlet.io/l_watermark_346,w_480,h_480/a_ignore,w_480,h_480,c_fit,q_auto,f_auto/cropped/wbahpjof3cejkejpgqkl.png",Makers Laboratories Ltd,67,33,0,Lainnya,unknown,unknown,,
Minolast 10 Tablet,Levocetirizine (5mg) + Montelukast (10mg),Treatment of Sneezing and runny nose due to allergiesTreatment of Hay feverTreatment of Allergic skin conditions,Nausea Diarrhea Dryness in mouth Fatigue Headache Skin rash Sleepiness Vomiting,"https://onemg.gumlet.io/l_watermark_346,w_480,h_480/a_ignore,w_480,h_480,c_fit,q_auto,f_auto/04ab5f95546545f0ab4db12dc2b48812.jpg",Leeford Healthcare Ltd,21,40,39,Lainnya,unknown,unknown,,
Montrelief-LC Tablet,Levocetirizine (5mg) + Montelukast (10mg),Treatment of Sneezing and runny nose due to allergiesTreatment of Hay feverTreatment of Allergic skin conditions,Nausea Diarrhea Dryness in mouth Fatigue Headache Skin rash Sleepiness Vomiting,"https://onemg.gumlet.io/l_watermark_346,w_480,h_480/a_ignore,w_480,h_480,c_fit,q_auto,f_auto/cropped/nmvbhvmpnkvmxwhf7zao.jpg",Signature Phytochemical Industries,56,44,0,Lainnya,unknown,unknown,,
Minolast Kid 2.5mg/4mg Tablet,Levocetirizine (2.5mg) + Montelukast (4mg),Treatment of Sneezing and runny nose due to allergiesTreatment of Hay feverTreatment of Allergic skin conditions,Rash Nausea Diarrhea Dryness in mouth Fatigue Headache Skin rash Sleepiness Vomiting,"https://onemg.gumlet.io/l_watermark_346,w_480,h_480/a_ignore,w_480,h_480,c_fit,q_auto,f_auto/35c78e6f6adc46adbcdf27568beb0ff0.jpg",Leeford Healthcare Ltd,67,33,0,Lainnya,unknown,unknown,,
Montgold Tablet,Levocetirizine (5mg) + Montelukast (10mg),Treatment of Sneezing and runny nose due to allergiesTreatment of Hay feverTreatment of Allergic skin conditions,Nausea Diarrhea Dryness in mouth Fatigue Headache Skin rash Sleepiness Vomiting,"https://onemg.gumlet.io/l_watermark_346,w_480,h_480/a_ignore,w_480,h_480,c_fit,q_auto,f_auto/bd1490eea63045fd94c9c30af453ac65.jpg",Linux Laboratories,22,11,67,Lainnya,unknown,unknown,,
Montark-L Tablet,Levocetirizine (5mg) + Montelukast (10mg),Treatment of Sneezing and runny nose due to allergiesTreatment of Hay feverTreatment of Allergic skin conditions,Nausea Diarrhea Dryness in mouth Fatigue Headache Skin rash Sleepiness Vomiting,"https://onemg.gumlet.io/l_watermark_346,w_480,h_480/a_ignore,w_480,h_480,c_fit,q_auto,f_auto/a7b42d23f34b4b08943401e810e68479.jpg",Optho Life Sciences Pvt Ltd,100,0,0,Lainnya,unknown,unknown,,
Nukast 10 Tablet,Levocetirizine (5mg) + Montelukast (10mg),Treatment of Sneezing and runny nose due to allergiesTreatment of Hay feverTreatment of Allergic skin conditions,Nausea Diarrhea Dryness in mouth Fatigue Headache Skin rash Sleepiness Vomiting,"https://onemg.gumlet.io/l_watermark_346,w_480,h_480/a_ignore,w_480,h_480,c_fit,q_auto,f_auto/kleymf7mdd82dvntjnv7.jpg",Zuventus Healthcare Ltd,54,27,19,Lainnya,unknown,unknown,,
Nukast 4 Syrup,Levocetirizine (2.5mg/5ml) + Montelukast (4mg/5ml),Treatment of Sneezing and runny nose due to allergiesTreatment of Hay feverTreatment of Allergic skin conditions,Rash Nausea Diarrhea Dryness in mouth Fatigue Headache Skin rash Sleepiness Vomiting,"https://onemg.gumlet.io/l_watermark_346,w_480,h_480/a_ignore,w_480,h_480,c_fit,q_auto,f_auto/jmfvffdaalixap0xzizw.jpg",Zuventus Healthcare Ltd,17,83,0,Lainnya,unknown,unknown,,
Odimont-LC Tablet,Levocetirizine (5mg) + Montelukast (10mg),Treatment of Sneezing and runny nose due to allergiesTreatment of Hay feverTreatment of Allergic skin conditions,Nausea Diarrhea Dryness in mouth Fatigue Headache Skin rash Sleepiness Vomiting,"https://onemg.gumlet.io/l_watermark_346,w_480,h_480/a_ignore,w_480,h_480,c_fit,q_auto,f_auto/cropped/fv7xoqayi4zergt36adu.jpg",Zydus Cadila,51,37,12,Lainnya,unknown,unknown,,
